"UserId","verb_id","verb","feature_raw"
"16ada1d593e-a13-faa1-a5bf-cd71",19,"knippen","van papier"
"16ada1d593e-a13-faa1-a5bf-cd71",19,"knippen","schaar"
"16ada1d593e-a13-faa1-a5bf-cd71",19,"knippen","lintjes"
"16ada1d593e-a13-faa1-a5bf-cd71",19,"knippen","kapper"
"16ada1d593e-a13-faa1-a5bf-cd71",19,"knippen","digitaal met word"
"16ada1d593e-a13-faa1-a5bf-cd71",19,"knippen","haar"
"16ada1d593e-a13-faa1-a5bf-cd71",19,"knippen","twee vingers nodig"
"16ada1d593e-a13-faa1-a5bf-cd71",5,"haasten","tijdsdruk"
"16ada1d593e-a13-faa1-a5bf-cd71",5,"haasten","stress"
"16ada1d593e-a13-faa1-a5bf-cd71",5,"haasten","afspraak"
"16ada1d593e-a13-faa1-a5bf-cd71",5,"haasten","zich snel voortbeweging"
"16ada1d593e-a13-faa1-a5bf-cd71",5,"haasten","niet te laat komen"
"16ada1d593e-a13-faa1-a5bf-cd71",9,"lopen","wandelen"
"16ada1d593e-a13-faa1-a5bf-cd71",9,"lopen","schoenen"
"16ada1d593e-a13-faa1-a5bf-cd71",9,"lopen","sport"
"16ada1d593e-a13-faa1-a5bf-cd71",9,"lopen","zich rustig voortbewegen"
"16ada1d593e-a13-faa1-a5bf-cd71",9,"lopen","voetgangers"
"16ada1d593e-a13-faa1-a5bf-cd71",9,"lopen","voetpad"
"16ada1d593e-a13-faa1-a5bf-cd71",11,"schuifelen","zich heel langzaam voortbewegen"
"16ada1d593e-a13-faa1-a5bf-cd71",11,"schuifelen","oude mensen"
"16ada1d593e-a13-faa1-a5bf-cd71",11,"schuifelen","innig dansen"
"16ada1d593e-a13-faa1-a5bf-cd71",11,"schuifelen","een stel"
"16ada1d593e-a13-faa1-a5bf-cd71",11,"schuifelen","achter een rollator"
"16ada1d593e-a13-faa1-a5bf-cd71",11,"schuifelen","op de dansvloer"
"16ada1d593e-a13-faa1-a5bf-cd71",11,"schuifelen","op een schoolfeest"
"16ada1d593e-a13-faa1-a5bf-cd71",17,"snijden","met een mes"
"16ada1d593e-a13-faa1-a5bf-cd71",17,"snijden","door etenswaren"
"16ada1d593e-a13-faa1-a5bf-cd71",17,"snijden","opereren"
"16ada1d593e-a13-faa1-a5bf-cd71",17,"snijden","een koude windvlaag"
"16ada1d593e-a13-faa1-a5bf-cd71",17,"snijden","chirurg"
"16ada1d593e-a13-faa1-a5bf-cd71",17,"snijden","slager"
"16ada1d593e-a13-faa1-a5bf-cd71",17,"snijden","bakker"
"16ada1d593e-a13-faa1-a5bf-cd71",17,"snijden","snee"
"16ada1d593e-a13-faa1-a5bf-cd71",17,"snijden","stukken maken"
"16ada1d593e-a13-faa1-a5bf-cd71",17,"snijden","glas"
"16ada1d593e-a13-faa1-a5bf-cd71",4,"glippen","glad"
"16ada1d593e-a13-faa1-a5bf-cd71",4,"glippen","te snel af zijn"
"16ada1d593e-a13-faa1-a5bf-cd71",4,"glippen","even snel ergens naar binnen gaan"
"16ada1d593e-a13-faa1-a5bf-cd71",4,"glippen","ertussenuit knijpen"
"16ada1d593e-a13-faa1-a5bf-cd71",4,"glippen","snel"
"16ada1d593e-a13-faa1-a5bf-cd71",2,"banjeren","stampen"
"16ada1d593e-a13-faa1-a5bf-cd71",2,"banjeren","grote stappen"
"16ada1d593e-a13-faa1-a5bf-cd71",2,"banjeren","door de natuur"
"16ada1d593e-a13-faa1-a5bf-cd71",2,"banjeren","door waterplassen"
"16ada1d593e-a13-faa1-a5bf-cd71",2,"banjeren","onoplettendheid op waar je loopt"
"16ada1d593e-a13-faa1-a5bf-cd71",2,"banjeren","zonder doel"
"16ada1d593e-a13-faa1-a5bf-cd71",18,"hakken","van hout"
"16ada1d593e-a13-faa1-a5bf-cd71",18,"hakken","met een bijl"
"16ada1d593e-a13-faa1-a5bf-cd71",18,"hakken","houthakker"
"16ada1d593e-a13-faa1-a5bf-cd71",18,"hakken","soort dans"
"16ada1d593e-a13-faa1-a5bf-cd71",18,"hakken","snel bewegen"
"16ada1d593e-a13-faa1-a5bf-cd71",14,"spoeden","haasten"
"16ada1d593e-a13-faa1-a5bf-cd71",14,"spoeden","een doel hebben"
"16ada1d593e-a13-faa1-a5bf-cd71",14,"spoeden","tijdsdruk hebben"
"16ada1d593e-a13-faa1-a5bf-cd71",14,"spoeden","ambulance"
"16ada1d593e-a13-faa1-a5bf-cd71",14,"spoeden","politie"
"16ada1d593e-a13-faa1-a5bf-cd71",14,"spoeden","brandweer"
"16ada1d593e-a13-faa1-a5bf-cd71",14,"spoeden","gevaar"
"16ada1d593e-a13-faa1-a5bf-cd71",14,"spoeden","met hoge snelheid bewegen"
"16ada1d593e-a13-faa1-a5bf-cd71",8,"kuieren","op je gemak"
"16ada1d593e-a13-faa1-a5bf-cd71",8,"kuieren","rondlopen zonder speciaal doel"
"16ada1d593e-a13-faa1-a5bf-cd71",8,"kuieren","rustig"
"16ada1d593e-a13-faa1-a5bf-cd71",8,"kuieren","samen zijn"
"16ada1d593e-a13-faa1-a5bf-cd71",8,"kuieren","keuvelen"
"16ada1d593e-a13-faa1-a5bf-cd71",16,"wijken","uit de weg gaan"
"16ada1d593e-a13-faa1-a5bf-cd71",16,"wijken","een belemmering"
"16ada1d593e-a13-faa1-a5bf-cd71",16,"wijken","obstakel"
"16ada1d593e-a13-faa1-a5bf-cd71",16,"wijken","niet in een lijn doorkunnen"
"16ada1d593e-a13-faa1-a5bf-cd71",16,"wijken","alternatief kiezen"
"16ada1d593e-a13-faa1-a5bf-cd71",7,"klimmen","een berg"
"16ada1d593e-a13-faa1-a5bf-cd71",7,"klimmen","sport"
"16ada1d593e-a13-faa1-a5bf-cd71",7,"klimmen","hoogtes"
"16ada1d593e-a13-faa1-a5bf-cd71",7,"klimmen","klimwand"
"16ada1d593e-a13-faa1-a5bf-cd71",7,"klimmen","zekeringen"
"16ada1d593e-a13-faa1-a5bf-cd71",7,"klimmen","naar boven bewegen"
"16ada1d593e-a13-faa1-a5bf-cd71",7,"klimmen","ergens tegen aan"
"16ada1d593e-a13-faa1-a5bf-cd71",7,"klimmen","trap"
"16ada1d593e-a13-faa1-a5bf-cd71",12,"slingeren","niet op de grond staan"
"16ada1d593e-a13-faa1-a5bf-cd71",12,"slingeren","loshangen"
"16ada1d593e-a13-faa1-a5bf-cd71",12,"slingeren","ongecontroleerd"
"16ada1d593e-a13-faa1-a5bf-cd71",12,"slingeren","niet in een rechte lijn bewegen"
"16ada1d593e-a13-faa1-a5bf-cd71",12,"slingeren","auto's"
"16ada1d593e-a13-faa1-a5bf-cd71",12,"slingeren","liaan"
"16ada1d593e-a13-faa1-a5bf-cd71",12,"slingeren","apen"
"16ada1d593e-a13-faa1-a5bf-cd71",13,"sluipen","niet hoorbaar willen zijn"
"16ada1d593e-a13-faa1-a5bf-cd71",13,"sluipen","onhoorbaar bewegen"
"16ada1d593e-a13-faa1-a5bf-cd71",13,"sluipen","op verboden plaats zijn"
"16ada1d593e-a13-faa1-a5bf-cd71",13,"sluipen","bedachtzaam bewegen"
"16ada1d593e-a13-faa1-a5bf-cd71",13,"sluipen","uitkijken"
"16ada1d593e-a13-faa1-a5bf-cd71",6,"hardlopen","actief"
"16ada1d593e-a13-faa1-a5bf-cd71",6,"hardlopen","sporten"
"16ada1d593e-a13-faa1-a5bf-cd71",6,"hardlopen","wedstrijden"
"16ada1d593e-a13-faa1-a5bf-cd71",6,"hardlopen","marathon"
"16ada1d593e-a13-faa1-a5bf-cd71",6,"hardlopen","hardloopschoenen"
"16ada1d593e-a13-faa1-a5bf-cd71",6,"hardlopen","professioneel hardlopers"
"16ada1d593e-a13-faa1-a5bf-cd71",6,"hardlopen","hoog tempo"
"16ada1d593e-a13-faa1-a5bf-cd71",15,"walsen","iets platter maken"
"16ada1d593e-a13-faa1-a5bf-cd71",15,"walsen","kracht"
"16ada1d593e-a13-faa1-a5bf-cd71",15,"walsen","klassieke dansstijl"
"16ada1d593e-a13-faa1-a5bf-cd71",15,"walsen","stel"
"16ada1d593e-a13-faa1-a5bf-cd71",15,"walsen","over iemand heen lopen"
"16ada1d593e-a13-faa1-a5bf-cd71",20,"kloppen","tegen een deur"
"16ada1d593e-a13-faa1-a5bf-cd71",20,"kloppen","van beslag"
"16ada1d593e-a13-faa1-a5bf-cd71",20,"kloppen","luchtig maken"
"16ada1d593e-a13-faa1-a5bf-cd71",20,"kloppen","eieren"
"16ada1d593e-a13-faa1-a5bf-cd71",20,"kloppen","binnengelaten willen worden"
"16ada1d593e-a13-faa1-a5bf-cd71",20,"kloppen","wanneer dingen juist zijn"
"16ada1d593e-a13-faa1-a5bf-cd71",10,"marcheren","in een groep"
"16ada1d593e-a13-faa1-a5bf-cd71",10,"marcheren","soldaten"
"16ada1d593e-a13-faa1-a5bf-cd71",10,"marcheren","synchroon"
"16ada1d593e-a13-faa1-a5bf-cd71",10,"marcheren","op de maat van muziek"
"16ada1d593e-a13-faa1-a5bf-cd71",10,"marcheren","harmonie"
"16ada1d593e-a13-faa1-a5bf-cd71",10,"marcheren","muziekcorps"
"16ada1d593e-a13-faa1-a5bf-cd71",10,"marcheren","uniform dragen"
"16ada1d593e-a13-faa1-a5bf-cd71",3,"dolen","doelloos"
"16ada1d593e-a13-faa1-a5bf-cd71",3,"dolen","rondlopen"
"16ada1d593e-a13-faa1-a5bf-cd71",3,"dolen","verdwaald zijn"
"16ada1d593e-a13-faa1-a5bf-cd71",3,"dolen","langzaam voortbewegen"
"16ada1d593e-a13-faa1-a5bf-cd71",3,"dolen","alleen zijn"
"16ada1d593e-a13-faa1-a5bf-cd71",3,"dolen","doolhof"
"16ada1d593e-a13-faa1-a5bf-cd71",1,"afdalen","naar beneden gaan"
"16ada1d593e-a13-faa1-a5bf-cd71",1,"afdalen","een berg"
"16ada1d593e-a13-faa1-a5bf-cd71",1,"afdalen","een trap"
"16ada1d593e-a13-faa1-a5bf-cd71",1,"afdalen","slechter worden"
"16ada1d593e-a13-faa1-a5bf-cd71",1,"afdalen","met beleid"
"16ada1d593e-a13-faa1-a5bf-cd71",21,"slaaten","ergens iets uithalen"
"16ada1d593e-a13-faa1-a5bf-cd71",21,"slaaten","voordeel halen"
"16ada1d593e-a13-faa1-a5bf-cd71",21,"slaaten","slaan"
"16ada1d593e-a13-faa1-a5bf-cd71",21,"slaaten","negatief"
"16ada1d593e-a13-faa1-a5bf-cd71",21,"slaaten","salade"
"16ada7e49b7-ce39-67ff-7fe-9052",8,"kuieren","relaxed"
"16ada7e49b7-ce39-67ff-7fe-9052",8,"kuieren","lopen"
"16ada7e49b7-ce39-67ff-7fe-9052",8,"kuieren","bewegen"
"16ada7e49b7-ce39-67ff-7fe-9052",8,"kuieren","blokje om"
"16ada7e49b7-ce39-67ff-7fe-9052",8,"kuieren","slenter"
"16ada7e49b7-ce39-67ff-7fe-9052",18,"hakken","schoen"
"16ada7e49b7-ce39-67ff-7fe-9052",18,"hakken","zool"
"16ada7e49b7-ce39-67ff-7fe-9052",18,"hakken","verhoging"
"16ada7e49b7-ce39-67ff-7fe-9052",18,"hakken","voet"
"16ada7e49b7-ce39-67ff-7fe-9052",18,"hakken","lengte"
"16ada7e49b7-ce39-67ff-7fe-9052",11,"schuifelen","bewegen"
"16ada7e49b7-ce39-67ff-7fe-9052",11,"schuifelen","kleine stapjes"
"16ada7e49b7-ce39-67ff-7fe-9052",11,"schuifelen","voeten"
"16ada7e49b7-ce39-67ff-7fe-9052",11,"schuifelen","lopen"
"16ada7e49b7-ce39-67ff-7fe-9052",11,"schuifelen","langzaam"
"16ada7e49b7-ce39-67ff-7fe-9052",17,"snijden","mes"
"16ada7e49b7-ce39-67ff-7fe-9052",17,"snijden","stukjes"
"16ada7e49b7-ce39-67ff-7fe-9052",17,"snijden","doormidden"
"16ada7e49b7-ce39-67ff-7fe-9052",17,"snijden","bewegen"
"16ada7e49b7-ce39-67ff-7fe-9052",17,"snijden","hand"
"16ada7e49b7-ce39-67ff-7fe-9052",17,"snijden","arm"
"16ada7e49b7-ce39-67ff-7fe-9052",17,"snijden","zagen"
"16ada7e49b7-ce39-67ff-7fe-9052",17,"snijden","kapot"
"16ada7e49b7-ce39-67ff-7fe-9052",3,"dolen","bewegen"
"16ada7e49b7-ce39-67ff-7fe-9052",3,"dolen","verplaatsen"
"16ada7e49b7-ce39-67ff-7fe-9052",3,"dolen","lopen"
"16ada7e49b7-ce39-67ff-7fe-9052",3,"dolen","doelloos"
"16ada7e49b7-ce39-67ff-7fe-9052",3,"dolen","trekken"
"16ada7e49b7-ce39-67ff-7fe-9052",10,"marcheren","lopen"
"16ada7e49b7-ce39-67ff-7fe-9052",10,"marcheren","beenbeweging"
"16ada7e49b7-ce39-67ff-7fe-9052",10,"marcheren","handbeweging"
"16ada7e49b7-ce39-67ff-7fe-9052",10,"marcheren","leger"
"16ada7e49b7-ce39-67ff-7fe-9052",10,"marcheren","heffen"
"16ada7e49b7-ce39-67ff-7fe-9052",10,"marcheren","grote beweging"
"16ada7e49b7-ce39-67ff-7fe-9052",5,"haasten","snel"
"16ada7e49b7-ce39-67ff-7fe-9052",5,"haasten","bewegen"
"16ada7e49b7-ce39-67ff-7fe-9052",5,"haasten","tijdgebrek"
"16ada7e49b7-ce39-67ff-7fe-9052",5,"haasten","gaan"
"16ada7e49b7-ce39-67ff-7fe-9052",5,"haasten","afspraak"
"16ada7e49b7-ce39-67ff-7fe-9052",6,"hardlopen","bewegen"
"16ada7e49b7-ce39-67ff-7fe-9052",6,"hardlopen","lopen"
"16ada7e49b7-ce39-67ff-7fe-9052",6,"hardlopen","voeten"
"16ada7e49b7-ce39-67ff-7fe-9052",6,"hardlopen","hartslag"
"16ada7e49b7-ce39-67ff-7fe-9052",6,"hardlopen","snel"
"16ada7e49b7-ce39-67ff-7fe-9052",6,"hardlopen","beenbeweging"
"16ada7e49b7-ce39-67ff-7fe-9052",6,"hardlopen","armbeweging"
"16ada7e49b7-ce39-67ff-7fe-9052",6,"hardlopen","rennen"
"16ada7e49b7-ce39-67ff-7fe-9052",19,"knippen","schaar"
"16ada7e49b7-ce39-67ff-7fe-9052",19,"knippen","doormidden"
"16ada7e49b7-ce39-67ff-7fe-9052",19,"knippen","kapot"
"16ada7e49b7-ce39-67ff-7fe-9052",19,"knippen","bewegen"
"16ada7e49b7-ce39-67ff-7fe-9052",19,"knippen","arm"
"16ada7e49b7-ce39-67ff-7fe-9052",19,"knippen","hand"
"16ada7e49b7-ce39-67ff-7fe-9052",19,"knippen","vorm"
"16ada7e49b7-ce39-67ff-7fe-9052",16,"wijken","bewegen"
"16ada7e49b7-ce39-67ff-7fe-9052",16,"wijken","verplaatsen"
"16ada7e49b7-ce39-67ff-7fe-9052",16,"wijken","omheen"
"16ada7e49b7-ce39-67ff-7fe-9052",16,"wijken","in de weg"
"16ada7e49b7-ce39-67ff-7fe-9052",16,"wijken","weggaan"
"16ada7e49b7-ce39-67ff-7fe-9052",15,"walsen","dans"
"16ada7e49b7-ce39-67ff-7fe-9052",15,"walsen","beweging"
"16ada7e49b7-ce39-67ff-7fe-9052",15,"walsen","muziek"
"16ada7e49b7-ce39-67ff-7fe-9052",15,"walsen","ouderwets"
"16ada7e49b7-ce39-67ff-7fe-9052",15,"walsen","heen en weer"
"16ada7e49b7-ce39-67ff-7fe-9052",12,"slingeren","bocht"
"16ada7e49b7-ce39-67ff-7fe-9052",12,"slingeren","bewegen"
"16ada7e49b7-ce39-67ff-7fe-9052",12,"slingeren","boog"
"16ada7e49b7-ce39-67ff-7fe-9052",12,"slingeren","lopen"
"16ada7e49b7-ce39-67ff-7fe-9052",12,"slingeren","links"
"16ada7e49b7-ce39-67ff-7fe-9052",12,"slingeren","rechts"
"16ada7e49b7-ce39-67ff-7fe-9052",20,"kloppen","geluid"
"16ada7e49b7-ce39-67ff-7fe-9052",20,"kloppen","hand"
"16ada7e49b7-ce39-67ff-7fe-9052",20,"kloppen","beweging"
"16ada7e49b7-ce39-67ff-7fe-9052",20,"kloppen","deur"
"16ada7e49b7-ce39-67ff-7fe-9052",20,"kloppen","tafel"
"16ada7e49b7-ce39-67ff-7fe-9052",20,"kloppen","hout"
"16ada7e49b7-ce39-67ff-7fe-9052",20,"kloppen","bezoek"
"16ada7e49b7-ce39-67ff-7fe-9052",20,"kloppen","checken"
"16ada7e49b7-ce39-67ff-7fe-9052",20,"kloppen","binnen gaan"
"16ada7e49b7-ce39-67ff-7fe-9052",1,"afdalen","beneden"
"16ada7e49b7-ce39-67ff-7fe-9052",1,"afdalen","omlaag"
"16ada7e49b7-ce39-67ff-7fe-9052",1,"afdalen","bewegen"
"16ada7e49b7-ce39-67ff-7fe-9052",1,"afdalen","hoog"
"16ada7e49b7-ce39-67ff-7fe-9052",1,"afdalen","laag"
"16ada7e49b7-ce39-67ff-7fe-9052",1,"afdalen","hoogteverschil"
"16ada7e49b7-ce39-67ff-7fe-9052",13,"sluipen","langzaam"
"16ada7e49b7-ce39-67ff-7fe-9052",13,"sluipen","bewegen"
"16ada7e49b7-ce39-67ff-7fe-9052",13,"sluipen","lopen"
"16ada7e49b7-ce39-67ff-7fe-9052",13,"sluipen","zachtjes"
"16ada7e49b7-ce39-67ff-7fe-9052",13,"sluipen","uit het zicht"
"16ada7e49b7-ce39-67ff-7fe-9052",2,"banjeren","lopen"
"16ada7e49b7-ce39-67ff-7fe-9052",2,"banjeren","heen en weer"
"16ada7e49b7-ce39-67ff-7fe-9052",2,"banjeren","wandelen"
"16ada7e49b7-ce39-67ff-7fe-9052",2,"banjeren","voeten"
"16ada7e49b7-ce39-67ff-7fe-9052",2,"banjeren","bewegen"
"16ada7e49b7-ce39-67ff-7fe-9052",2,"banjeren","trekken"
"16ada7e49b7-ce39-67ff-7fe-9052",21,"slaaten","ik"
"16ada7e49b7-ce39-67ff-7fe-9052",21,"slaaten","ken"
"16ada7e49b7-ce39-67ff-7fe-9052",21,"slaaten","dit"
"16ada7e49b7-ce39-67ff-7fe-9052",21,"slaaten","woord"
"16ada7e49b7-ce39-67ff-7fe-9052",21,"slaaten","niet"
"16ada7e49b7-ce39-67ff-7fe-9052",4,"glippen","net"
"16ada7e49b7-ce39-67ff-7fe-9052",4,"glippen","op tijd"
"16ada7e49b7-ce39-67ff-7fe-9052",4,"glippen","naar binnen"
"16ada7e49b7-ce39-67ff-7fe-9052",4,"glippen","bewegen"
"16ada7e49b7-ce39-67ff-7fe-9052",4,"glippen","glijden"
"16ada7e49b7-ce39-67ff-7fe-9052",14,"spoeden","snel"
"16ada7e49b7-ce39-67ff-7fe-9052",14,"spoeden","haast"
"16ada7e49b7-ce39-67ff-7fe-9052",14,"spoeden","bewegen"
"16ada7e49b7-ce39-67ff-7fe-9052",14,"spoeden","vaart"
"16ada7e49b7-ce39-67ff-7fe-9052",14,"spoeden","tijd"
"16ada7e49b7-ce39-67ff-7fe-9052",9,"lopen","bewegen"
"16ada7e49b7-ce39-67ff-7fe-9052",9,"lopen","voeten"
"16ada7e49b7-ce39-67ff-7fe-9052",9,"lopen","normaal"
"16ada7e49b7-ce39-67ff-7fe-9052",9,"lopen","benen"
"16ada7e49b7-ce39-67ff-7fe-9052",9,"lopen","wandel"
"16ada7e49b7-ce39-67ff-7fe-9052",7,"klimmen","omhoog"
"16ada7e49b7-ce39-67ff-7fe-9052",7,"klimmen","bewegen"
"16ada7e49b7-ce39-67ff-7fe-9052",7,"klimmen","armen"
"16ada7e49b7-ce39-67ff-7fe-9052",7,"klimmen","handen"
"16ada7e49b7-ce39-67ff-7fe-9052",7,"klimmen","hoogteverschil"
"16ada7e49b7-ce39-67ff-7fe-9052",7,"klimmen","laag"
"16ada7e49b7-ce39-67ff-7fe-9052",7,"klimmen","hoog"
"16ada7e49b7-ce39-67ff-7fe-9052",7,"klimmen","stijgen"
"16adaa7f569-5a1d-6e47-32ef-29d",15,"walsen","dansen"
"16adaa7f569-5a1d-6e47-32ef-29d",15,"walsen","langzaam"
"16adaa7f569-5a1d-6e47-32ef-29d",15,"walsen","romantisch"
"16adaa7f569-5a1d-6e47-32ef-29d",15,"walsen","tweetal"
"16adaa7f569-5a1d-6e47-32ef-29d",15,"walsen","dichtbij"
"16adaa7f569-5a1d-6e47-32ef-29d",19,"knippen","papier"
"16adaa7f569-5a1d-6e47-32ef-29d",19,"knippen","schaar"
"16adaa7f569-5a1d-6e47-32ef-29d",19,"knippen","meer delen maken"
"16adaa7f569-5a1d-6e47-32ef-29d",19,"knippen","steen, schaar"
"16adaa7f569-5a1d-6e47-32ef-29d",19,"knippen","knutselen"
"16adaa7f569-5a1d-6e47-32ef-29d",10,"marcheren","wandelen"
"16adaa7f569-5a1d-6e47-32ef-29d",10,"marcheren","leger"
"16adaa7f569-5a1d-6e47-32ef-29d",10,"marcheren","snel"
"16adaa7f569-5a1d-6e47-32ef-29d",10,"marcheren","ritme"
"16adaa7f569-5a1d-6e47-32ef-29d",10,"marcheren","militair"
"16adaa7f569-5a1d-6e47-32ef-29d",13,"sluipen","zachtjes"
"16adaa7f569-5a1d-6e47-32ef-29d",13,"sluipen","stiekem"
"16adaa7f569-5a1d-6e47-32ef-29d",13,"sluipen","dief"
"16adaa7f569-5a1d-6e47-32ef-29d",13,"sluipen","onopvallend"
"16adaa7f569-5a1d-6e47-32ef-29d",13,"sluipen","voorzichtig"
"16adaa7f569-5a1d-6e47-32ef-29d",14,"spoeden","druk"
"16adaa7f569-5a1d-6e47-32ef-29d",14,"spoeden","snel"
"16adaa7f569-5a1d-6e47-32ef-29d",14,"spoeden","haast"
"16adaa7f569-5a1d-6e47-32ef-29d",14,"spoeden","stress"
"16adaa7f569-5a1d-6e47-32ef-29d",14,"spoeden","-"
"16adaa7f569-5a1d-6e47-32ef-29d",2,"banjeren","-"
"16adaa7f569-5a1d-6e47-32ef-29d",2,"banjeren","-"
"16adaa7f569-5a1d-6e47-32ef-29d",2,"banjeren","-"
"16adaa7f569-5a1d-6e47-32ef-29d",2,"banjeren","-"
"16adaa7f569-5a1d-6e47-32ef-29d",2,"banjeren","--"
"16adaa7f569-5a1d-6e47-32ef-29d",12,"slingeren","vlaggetjes"
"16adaa7f569-5a1d-6e47-32ef-29d",12,"slingeren","hoog"
"16adaa7f569-5a1d-6e47-32ef-29d",12,"slingeren","ophangen"
"16adaa7f569-5a1d-6e47-32ef-29d",12,"slingeren","feestgelegenheid"
"16adaa7f569-5a1d-6e47-32ef-29d",12,"slingeren","jarig"
"16adaa7f569-5a1d-6e47-32ef-29d",5,"haasten","snel"
"16adaa7f569-5a1d-6e47-32ef-29d",5,"haasten","geen tijd"
"16adaa7f569-5a1d-6e47-32ef-29d",5,"haasten","te laat"
"16adaa7f569-5a1d-6e47-32ef-29d",5,"haasten","-"
"16adaa7f569-5a1d-6e47-32ef-29d",5,"haasten","-"
"16adaa7f569-5a1d-6e47-32ef-29d",11,"schuifelen","dansen"
"16adaa7f569-5a1d-6e47-32ef-29d",11,"schuifelen","dichtbij"
"16adaa7f569-5a1d-6e47-32ef-29d",11,"schuifelen","twee personen"
"16adaa7f569-5a1d-6e47-32ef-29d",11,"schuifelen","langzaam"
"16adaa7f569-5a1d-6e47-32ef-29d",11,"schuifelen","muziek"
"16adaa7f569-5a1d-6e47-32ef-29d",1,"afdalen","zakken"
"16adaa7f569-5a1d-6e47-32ef-29d",1,"afdalen","bergen"
"16adaa7f569-5a1d-6e47-32ef-29d",1,"afdalen","beneden"
"16adaa7f569-5a1d-6e47-32ef-29d",1,"afdalen","afleiding"
"16adaa7f569-5a1d-6e47-32ef-29d",1,"afdalen","slechter gaan"
"16adaa7f569-5a1d-6e47-32ef-29d",16,"wijken","vorm veranderen"
"16adaa7f569-5a1d-6e47-32ef-29d",16,"wijken","kracht"
"16adaa7f569-5a1d-6e47-32ef-29d",16,"wijken","sterk"
"16adaa7f569-5a1d-6e47-32ef-29d",16,"wijken","flexibel"
"16adaa7f569-5a1d-6e47-32ef-29d",16,"wijken","warmte"
"16adaa7f569-5a1d-6e47-32ef-29d",21,"slaaten","ik weet niet wat dit betekend"
"16adaa7f569-5a1d-6e47-32ef-29d",21,"slaaten","wat is slaaten?"
"16adaa7f569-5a1d-6e47-32ef-29d",21,"slaaten","ik weet niet of ik dit mag opzoeken?"
"16adaa7f569-5a1d-6e47-32ef-29d",21,"slaaten","ik moet 5 vakjes vullen"
"16adaa7f569-5a1d-6e47-32ef-29d",21,"slaaten","sorry voor dit antwoord"
"16adaa7f569-5a1d-6e47-32ef-29d",8,"kuieren","relax"
"16adaa7f569-5a1d-6e47-32ef-29d",8,"kuieren","geen stress"
"16adaa7f569-5a1d-6e47-32ef-29d",8,"kuieren","rustig"
"16adaa7f569-5a1d-6e47-32ef-29d",8,"kuieren","genieten"
"16adaa7f569-5a1d-6e47-32ef-29d",8,"kuieren","op het gemak"
"16adaa7f569-5a1d-6e47-32ef-29d",20,"kloppen","op de deur"
"16adaa7f569-5a1d-6e47-32ef-29d",20,"kloppen","ook in de keuken"
"16adaa7f569-5a1d-6e47-32ef-29d",20,"kloppen","opendoen"
"16adaa7f569-5a1d-6e47-32ef-29d",20,"kloppen","correct"
"16adaa7f569-5a1d-6e47-32ef-29d",20,"kloppen","meerdere zijn juist"
"16adaa7f569-5a1d-6e47-32ef-29d",7,"klimmen","hoogte"
"16adaa7f569-5a1d-6e47-32ef-29d",7,"klimmen","bergen"
"16adaa7f569-5a1d-6e47-32ef-29d",7,"klimmen","vast aan touwen"
"16adaa7f569-5a1d-6e47-32ef-29d",7,"klimmen","sport"
"16adaa7f569-5a1d-6e47-32ef-29d",7,"klimmen","boom"
"16adaa7f569-5a1d-6e47-32ef-29d",3,"dolen","?"
"16adaa7f569-5a1d-6e47-32ef-29d",3,"dolen","?"
"16adaa7f569-5a1d-6e47-32ef-29d",3,"dolen","?"
"16adaa7f569-5a1d-6e47-32ef-29d",3,"dolen","?"
"16adaa7f569-5a1d-6e47-32ef-29d",3,"dolen","?"
"16adaa7f569-5a1d-6e47-32ef-29d",17,"snijden","keuken"
"16adaa7f569-5a1d-6e47-32ef-29d",17,"snijden","mes"
"16adaa7f569-5a1d-6e47-32ef-29d",17,"snijden","voorzichtig"
"16adaa7f569-5a1d-6e47-32ef-29d",17,"snijden","scherp en bot"
"16adaa7f569-5a1d-6e47-32ef-29d",17,"snijden","voedsel"
"16adaa7f569-5a1d-6e47-32ef-29d",18,"hakken","boom"
"16adaa7f569-5a1d-6e47-32ef-29d",18,"hakken","hout"
"16adaa7f569-5a1d-6e47-32ef-29d",18,"hakken","manier van dansen"
"16adaa7f569-5a1d-6e47-32ef-29d",18,"hakken","houthakker"
"16adaa7f569-5a1d-6e47-32ef-29d",18,"hakken","zwaar"
"16adaa7f569-5a1d-6e47-32ef-29d",6,"hardlopen","kilometers"
"16adaa7f569-5a1d-6e47-32ef-29d",6,"hardlopen","rennen"
"16adaa7f569-5a1d-6e47-32ef-29d",6,"hardlopen","sporten"
"16adaa7f569-5a1d-6e47-32ef-29d",6,"hardlopen","loopband"
"16adaa7f569-5a1d-6e47-32ef-29d",6,"hardlopen","buiten"
"16adaa7f569-5a1d-6e47-32ef-29d",6,"hardlopen","schoenen"
"16adaa7f569-5a1d-6e47-32ef-29d",9,"lopen","wandelen"
"16adaa7f569-5a1d-6e47-32ef-29d",9,"lopen","naar bestemming gaan"
"16adaa7f569-5a1d-6e47-32ef-29d",9,"lopen","twee benen"
"16adaa7f569-5a1d-6e47-32ef-29d",9,"lopen","5 km per uur"
"16adaa7f569-5a1d-6e47-32ef-29d",9,"lopen","ontspanning"
"16adaa7f569-5a1d-6e47-32ef-29d",4,"glippen","stiekem"
"16adaa7f569-5a1d-6e47-32ef-29d",4,"glippen","onopvallend"
"16adaa7f569-5a1d-6e47-32ef-29d",4,"glippen","ergens tussendoor"
"16adaa7f569-5a1d-6e47-32ef-29d",4,"glippen","vallen"
"16adaa7f569-5a1d-6e47-32ef-29d",4,"glippen","voorzichtig"
"16adaba0add-2691-dbaa-3be9-beb4",17,"snijden","mes"
"16adaba0add-2691-dbaa-3be9-beb4",17,"snijden","delen"
"16adaba0add-2691-dbaa-3be9-beb4",17,"snijden","handeling"
"16adaba0add-2691-dbaa-3be9-beb4",17,"snijden","voedsel"
"16adaba0add-2691-dbaa-3be9-beb4",17,"snijden","scherp object"
"16adaba0add-2691-dbaa-3be9-beb4",19,"knippen","schaar"
"16adaba0add-2691-dbaa-3be9-beb4",19,"knippen","scherp object"
"16adaba0add-2691-dbaa-3be9-beb4",19,"knippen","haar"
"16adaba0add-2691-dbaa-3be9-beb4",19,"knippen","papier"
"16adaba0add-2691-dbaa-3be9-beb4",19,"knippen","snijden"
"16adaba0add-2691-dbaa-3be9-beb4",19,"knippen","kortwieken"
"16adaba0add-2691-dbaa-3be9-beb4",10,"marcheren","wandelen"
"16adaba0add-2691-dbaa-3be9-beb4",10,"marcheren","stampen"
"16adaba0add-2691-dbaa-3be9-beb4",10,"marcheren","gelijkmatig tempo"
"16adaba0add-2691-dbaa-3be9-beb4",10,"marcheren","soldaten"
"16adaba0add-2691-dbaa-3be9-beb4",10,"marcheren","mars"
"16adaba0add-2691-dbaa-3be9-beb4",11,"schuifelen","dansen"
"16adaba0add-2691-dbaa-3be9-beb4",11,"schuifelen","langzaam"
"16adaba0add-2691-dbaa-3be9-beb4",11,"schuifelen","duo"
"16adaba0add-2691-dbaa-3be9-beb4",11,"schuifelen","romantisch"
"16adaba0add-2691-dbaa-3be9-beb4",11,"schuifelen","glijden"
"16adaba0add-2691-dbaa-3be9-beb4",2,"banjeren","stampen"
"16adaba0add-2691-dbaa-3be9-beb4",2,"banjeren","wandelen"
"16adaba0add-2691-dbaa-3be9-beb4",2,"banjeren","overal dwars doorheen"
"16adaba0add-2691-dbaa-3be9-beb4",2,"banjeren","lomp"
"16adaba0add-2691-dbaa-3be9-beb4",2,"banjeren","van de paden af"
"16adaba0add-2691-dbaa-3be9-beb4",16,"wijken","vermijden"
"16adaba0add-2691-dbaa-3be9-beb4",16,"wijken","uit de weg gaan"
"16adaba0add-2691-dbaa-3be9-beb4",16,"wijken","plaatsmaken"
"16adaba0add-2691-dbaa-3be9-beb4",16,"wijken","aan de kant"
"16adaba0add-2691-dbaa-3be9-beb4",16,"wijken","vervangen worden door"
"16adaba0add-2691-dbaa-3be9-beb4",18,"hakken","bijl"
"16adaba0add-2691-dbaa-3be9-beb4",18,"hakken","hout"
"16adaba0add-2691-dbaa-3be9-beb4",18,"hakken","slaan met een scherp voorwerp"
"16adaba0add-2691-dbaa-3be9-beb4",18,"hakken","dansen"
"16adaba0add-2691-dbaa-3be9-beb4",18,"hakken","luide muziek"
"16adaba0add-2691-dbaa-3be9-beb4",9,"lopen","wandelen"
"16adaba0add-2691-dbaa-3be9-beb4",9,"lopen","te voet voortbewegen"
"16adaba0add-2691-dbaa-3be9-beb4",9,"lopen","pedestrian"
"16adaba0add-2691-dbaa-3be9-beb4",9,"lopen","stap voor stap"
"16adaba0add-2691-dbaa-3be9-beb4",9,"lopen","6 kilometer per uur"
"16adaba0add-2691-dbaa-3be9-beb4",12,"slingeren","geen rechte lijn"
"16adaba0add-2691-dbaa-3be9-beb4",12,"slingeren","heen en weer"
"16adaba0add-2691-dbaa-3be9-beb4",12,"slingeren","voortbewegen"
"16adaba0add-2691-dbaa-3be9-beb4",12,"slingeren","uit balans"
"16adaba0add-2691-dbaa-3be9-beb4",12,"slingeren","beweging"
"16adaba0add-2691-dbaa-3be9-beb4",12,"slingeren","geen rechte lijn"
"16adaba0add-2691-dbaa-3be9-beb4",12,"slingeren","voortbewegen"
"16adaba0add-2691-dbaa-3be9-beb4",12,"slingeren","heen en weer"
"16adaba0add-2691-dbaa-3be9-beb4",12,"slingeren","weg"
"16adaba0add-2691-dbaa-3be9-beb4",12,"slingeren","vaak gedaan als iemand dronken is"
"16adaba0add-2691-dbaa-3be9-beb4",12,"slingeren","rijden"
"16adaba0add-2691-dbaa-3be9-beb4",1,"afdalen","naar beneden"
"16adaba0add-2691-dbaa-3be9-beb4",1,"afdalen","tegenovergestelde: klimmen"
"16adaba0add-2691-dbaa-3be9-beb4",1,"afdalen","van een berg of heuvel"
"16adaba0add-2691-dbaa-3be9-beb4",1,"afdalen","handeling"
"16adaba0add-2691-dbaa-3be9-beb4",1,"afdalen","bewust omlaag gaan"
"16adaba0add-2691-dbaa-3be9-beb4",4,"glippen","glijden"
"16adaba0add-2691-dbaa-3be9-beb4",4,"glippen","glad"
"16adaba0add-2691-dbaa-3be9-beb4",4,"glippen","uit de handen laten vallen"
"16adaba0add-2691-dbaa-3be9-beb4",4,"glippen","verspelen"
"16adaba0add-2691-dbaa-3be9-beb4",4,"glippen","laten gaan"
"16adaba0add-2691-dbaa-3be9-beb4",4,"glippen","kans"
"16adaba0add-2691-dbaa-3be9-beb4",20,"kloppen","correct zijn"
"16adaba0add-2691-dbaa-3be9-beb4",20,"kloppen","met de hand op iets hards slaan"
"16adaba0add-2691-dbaa-3be9-beb4",20,"kloppen","aankondiging van aankomst"
"16adaba0add-2691-dbaa-3be9-beb4",20,"kloppen","houten deur"
"16adaba0add-2691-dbaa-3be9-beb4",20,"kloppen","zoals het hoort"
"16adaba0add-2691-dbaa-3be9-beb4",13,"sluipen","stil"
"16adaba0add-2691-dbaa-3be9-beb4",13,"sluipen","stiekem arriveren"
"16adaba0add-2691-dbaa-3be9-beb4",13,"sluipen","in het donker"
"16adaba0add-2691-dbaa-3be9-beb4",13,"sluipen","gebukt en zachtjes lopen"
"16adaba0add-2691-dbaa-3be9-beb4",13,"sluipen","voortbewegen"
"16adaba0add-2691-dbaa-3be9-beb4",13,"sluipen","geheim"
"16adaba0add-2691-dbaa-3be9-beb4",8,"kuieren","slenteren"
"16adaba0add-2691-dbaa-3be9-beb4",8,"kuieren","langzaam lopen"
"16adaba0add-2691-dbaa-3be9-beb4",8,"kuieren","zonder duidelijk doel"
"16adaba0add-2691-dbaa-3be9-beb4",8,"kuieren","gemoedelijk"
"16adaba0add-2691-dbaa-3be9-beb4",8,"kuieren","sloffen"
"16adaba0add-2691-dbaa-3be9-beb4",3,"dolen","verdwaald"
"16adaba0add-2691-dbaa-3be9-beb4",3,"dolen","geen doel"
"16adaba0add-2691-dbaa-3be9-beb4",3,"dolen","ronddwalen"
"16adaba0add-2691-dbaa-3be9-beb4",3,"dolen","zwerven"
"16adaba0add-2691-dbaa-3be9-beb4",3,"dolen","lopen zonder richting"
"16adaba0add-2691-dbaa-3be9-beb4",15,"walsen","dansen"
"16adaba0add-2691-dbaa-3be9-beb4",15,"walsen","platmaken"
"16adaba0add-2691-dbaa-3be9-beb4",15,"walsen","over iemand heenlopen"
"16adaba0add-2691-dbaa-3be9-beb4",15,"walsen","duo"
"16adaba0add-2691-dbaa-3be9-beb4",15,"walsen","ouderwetse muziek"
"16adaba0add-2691-dbaa-3be9-beb4",14,"spoeden","haasten"
"16adaba0add-2691-dbaa-3be9-beb4",14,"spoeden","zo snel mogelijk ergens heen gaan"
"16adaba0add-2691-dbaa-3be9-beb4",14,"spoeden","vlug voortbewegen"
"16adaba0add-2691-dbaa-3be9-beb4",14,"spoeden","stress"
"16adaba0add-2691-dbaa-3be9-beb4",14,"spoeden","tijdsdruk"
"16adaba0add-2691-dbaa-3be9-beb4",5,"haasten","spoeden"
"16adaba0add-2691-dbaa-3be9-beb4",5,"haasten","zo snel mogelijk ergens heen gaan"
"16adaba0add-2691-dbaa-3be9-beb4",5,"haasten","tijdsdruk"
"16adaba0add-2691-dbaa-3be9-beb4",5,"haasten","tempo maken"
"16adaba0add-2691-dbaa-3be9-beb4",5,"haasten","stress"
"16adaba0add-2691-dbaa-3be9-beb4",6,"hardlopen","snel voortbewegen"
"16adaba0add-2691-dbaa-3be9-beb4",6,"hardlopen","rennen"
"16adaba0add-2691-dbaa-3be9-beb4",6,"hardlopen","sporten"
"16adaba0add-2691-dbaa-3be9-beb4",6,"hardlopen","joggen"
"16adaba0add-2691-dbaa-3be9-beb4",6,"hardlopen","hardloopschoenen"
"16adaba0add-2691-dbaa-3be9-beb4",21,"slaaten","?"
"16adaba0add-2691-dbaa-3be9-beb4",21,"slaaten","?"
"16adaba0add-2691-dbaa-3be9-beb4",21,"slaaten","?"
"16adaba0add-2691-dbaa-3be9-beb4",21,"slaaten","?"
"16adaba0add-2691-dbaa-3be9-beb4",21,"slaaten","?"
"16adaba0add-2691-dbaa-3be9-beb4",7,"klimmen","omhoog gaan"
"16adaba0add-2691-dbaa-3be9-beb4",7,"klimmen","stijgen"
"16adaba0add-2691-dbaa-3be9-beb4",7,"klimmen","met handen en voeten"
"16adaba0add-2691-dbaa-3be9-beb4",7,"klimmen","de hoogte in"
"16adaba0add-2691-dbaa-3be9-beb4",7,"klimmen","berg of heuvel op"
"16adae7120a-8047-3277-b4af-746e",19,"knippen","schaar"
"16adae7120a-8047-3277-b4af-746e",19,"knippen","knutselen"
"16adae7120a-8047-3277-b4af-746e",19,"knippen","door de mens"
"16adae7120a-8047-3277-b4af-746e",19,"knippen","scheiden"
"16adae7120a-8047-3277-b4af-746e",19,"knippen","gebruik van je handen"
"16adae7120a-8047-3277-b4af-746e",11,"schuifelen","dansvloer"
"16adae7120a-8047-3277-b4af-746e",11,"schuifelen","stel"
"16adae7120a-8047-3277-b4af-746e",11,"schuifelen","dansen"
"16adae7120a-8047-3277-b4af-746e",11,"schuifelen","knuffelen"
"16adae7120a-8047-3277-b4af-746e",11,"schuifelen","rustige muziek"
"16adae7120a-8047-3277-b4af-746e",11,"schuifelen","verliefd"
"16adae7120a-8047-3277-b4af-746e",12,"slingeren","bal"
"16adae7120a-8047-3277-b4af-746e",12,"slingeren","springtouw"
"16adae7120a-8047-3277-b4af-746e",12,"slingeren","over het water"
"16adae7120a-8047-3277-b4af-746e",12,"slingeren","kronkelende lijn"
"16adae7120a-8047-3277-b4af-746e",12,"slingeren","boomtak"
"16adae7120a-8047-3277-b4af-746e",12,"slingeren","over het water"
"16adae7120a-8047-3277-b4af-746e",12,"slingeren","met een touw"
"16adae7120a-8047-3277-b4af-746e",12,"slingeren","kronkelende beweging"
"16adae7120a-8047-3277-b4af-746e",12,"slingeren","heen en weer"
"16adae7120a-8047-3277-b4af-746e",12,"slingeren","springen"
"16adae7120a-8047-3277-b4af-746e",18,"hakken","dansen"
"16adae7120a-8047-3277-b4af-746e",18,"hakken","techno"
"16adae7120a-8047-3277-b4af-746e",18,"hakken","harde muziek"
"16adae7120a-8047-3277-b4af-746e",18,"hakken","met je vrienden"
"16adae7120a-8047-3277-b4af-746e",18,"hakken","op een festival"
"16adae7120a-8047-3277-b4af-746e",15,"walsen","metaal"
"16adae7120a-8047-3277-b4af-746e",15,"walsen","vormgeving"
"16adae7120a-8047-3277-b4af-746e",15,"walsen","platen"
"16adae7120a-8047-3277-b4af-746e",15,"walsen","techniek"
"16adae7120a-8047-3277-b4af-746e",15,"walsen","mannenberoep"
"16adae7120a-8047-3277-b4af-746e",8,"kuieren","wandelen"
"16adae7120a-8047-3277-b4af-746e",8,"kuieren","in het bos"
"16adae7120a-8047-3277-b4af-746e",8,"kuieren","tochten"
"16adae7120a-8047-3277-b4af-746e",8,"kuieren","met een rugzak"
"16adae7120a-8047-3277-b4af-746e",8,"kuieren","vermoeiend"
"16adae7120a-8047-3277-b4af-746e",7,"klimmen","hoogte"
"16adae7120a-8047-3277-b4af-746e",7,"klimmen","verzekeren"
"16adae7120a-8047-3277-b4af-746e",7,"klimmen","omhoog"
"16adae7120a-8047-3277-b4af-746e",7,"klimmen","bergschoenen"
"16adae7120a-8047-3277-b4af-746e",7,"klimmen","berg"
"16adae7120a-8047-3277-b4af-746e",21,"slaaten","ik"
"16adae7120a-8047-3277-b4af-746e",21,"slaaten","weet"
"16adae7120a-8047-3277-b4af-746e",21,"slaaten","echt"
"16adae7120a-8047-3277-b4af-746e",21,"slaaten","niet"
"16adae7120a-8047-3277-b4af-746e",21,"slaaten","wat dit is"
"16adae7120a-8047-3277-b4af-746e",20,"kloppen","deur"
"16adae7120a-8047-3277-b4af-746e",20,"kloppen","sinterklaas"
"16adae7120a-8047-3277-b4af-746e",20,"kloppen","binnenkomen"
"16adae7120a-8047-3277-b4af-746e",20,"kloppen","vragen"
"16adae7120a-8047-3277-b4af-746e",20,"kloppen","met je hand"
"16adae7120a-8047-3277-b4af-746e",3,"dolen","verbuigen"
"16adae7120a-8047-3277-b4af-746e",3,"dolen","koorts"
"16adae7120a-8047-3277-b4af-746e",3,"dolen","dwalen"
"16adae7120a-8047-3277-b4af-746e",3,"dolen","zwerven"
"16adae7120a-8047-3277-b4af-746e",3,"dolen","geen idee"
"16adae7120a-8047-3277-b4af-746e",14,"spoeden","snel"
"16adae7120a-8047-3277-b4af-746e",14,"spoeden","ambulance"
"16adae7120a-8047-3277-b4af-746e",14,"spoeden","spoed"
"16adae7120a-8047-3277-b4af-746e",14,"spoeden","noodzakelijk"
"16adae7120a-8047-3277-b4af-746e",14,"spoeden","eerste hulp"
"16adae7120a-8047-3277-b4af-746e",4,"glippen","weggaan"
"16adae7120a-8047-3277-b4af-746e",4,"glippen","glijden"
"16adae7120a-8047-3277-b4af-746e",4,"glippen","stiekem"
"16adae7120a-8047-3277-b4af-746e",4,"glippen","glad"
"16adae7120a-8047-3277-b4af-746e",4,"glippen","vis glipt uit mijn hand"
"16adae7120a-8047-3277-b4af-746e",6,"hardlopen","hardloopschoenen"
"16adae7120a-8047-3277-b4af-746e",6,"hardlopen","zwaar"
"16adae7120a-8047-3277-b4af-746e",6,"hardlopen","in de buitenlucht"
"16adae7120a-8047-3277-b4af-746e",6,"hardlopen","spieren"
"16adae7120a-8047-3277-b4af-746e",6,"hardlopen","conditie"
"16adae7120a-8047-3277-b4af-746e",2,"banjeren","voortkomen"
"16adae7120a-8047-3277-b4af-746e",2,"banjeren","moeite"
"16adae7120a-8047-3277-b4af-746e",2,"banjeren","zenuwachtig"
"16adae7120a-8047-3277-b4af-746e",2,"banjeren","drukte maken"
"16adae7120a-8047-3277-b4af-746e",2,"banjeren","onrustig"
"16adae7120a-8047-3277-b4af-746e",17,"snijden","mes"
"16adae7120a-8047-3277-b4af-746e",17,"snijden","scheiden"
"16adae7120a-8047-3277-b4af-746e",17,"snijden","scherp"
"16adae7120a-8047-3277-b4af-746e",17,"snijden","bloed"
"16adae7120a-8047-3277-b4af-746e",17,"snijden","groente"
"16adae7120a-8047-3277-b4af-746e",9,"lopen","voortkomen"
"16adae7120a-8047-3277-b4af-746e",9,"lopen","benen"
"16adae7120a-8047-3277-b4af-746e",9,"lopen","langzaam"
"16adae7120a-8047-3277-b4af-746e",9,"lopen","tenen"
"16adae7120a-8047-3277-b4af-746e",9,"lopen","buiten"
"16adae7120a-8047-3277-b4af-746e",13,"sluipen","voorzichtig"
"16adae7120a-8047-3277-b4af-746e",13,"sluipen","stil"
"16adae7120a-8047-3277-b4af-746e",13,"sluipen","boef"
"16adae7120a-8047-3277-b4af-746e",13,"sluipen","onherkenbaar"
"16adae7120a-8047-3277-b4af-746e",13,"sluipen","op je tenen"
"16adae7120a-8047-3277-b4af-746e",1,"afdalen","naar beneden"
"16adae7120a-8047-3277-b4af-746e",1,"afdalen","lift"
"16adae7120a-8047-3277-b4af-746e",1,"afdalen","skien"
"16adae7120a-8047-3277-b4af-746e",1,"afdalen","hoogteverschil"
"16adae7120a-8047-3277-b4af-746e",1,"afdalen","helling"
"16adae7120a-8047-3277-b4af-746e",5,"haasten","snel"
"16adae7120a-8047-3277-b4af-746e",5,"haasten","opschieten"
"16adae7120a-8047-3277-b4af-746e",5,"haasten","tijd tekort"
"16adae7120a-8047-3277-b4af-746e",5,"haasten","trein"
"16adae7120a-8047-3277-b4af-746e",5,"haasten","tijd tekort"
"16adae7120a-8047-3277-b4af-746e",16,"wijken","ontwijken"
"16adae7120a-8047-3277-b4af-746e",16,"wijken","van af gaan"
"16adae7120a-8047-3277-b4af-746e",16,"wijken","files ontwijken"
"16adae7120a-8047-3277-b4af-746e",16,"wijken","terugtrekken"
"16adae7120a-8047-3277-b4af-746e",16,"wijken","anti"
"16adae7120a-8047-3277-b4af-746e",10,"marcheren","leger"
"16adae7120a-8047-3277-b4af-746e",10,"marcheren","lopen"
"16adae7120a-8047-3277-b4af-746e",10,"marcheren","geweer"
"16adae7120a-8047-3277-b4af-746e",10,"marcheren","met een pak"
"16adae7120a-8047-3277-b4af-746e",10,"marcheren","in de maat"
"16adb2e1e34-4f1d-164-f1c3-5ff1",10,"marcheren","soldaten"
"16adb2e1e34-4f1d-164-f1c3-5ff1",10,"marcheren","leger"
"16adb2e1e34-4f1d-164-f1c3-5ff1",10,"marcheren","manier van lopen"
"16adb2e1e34-4f1d-164-f1c3-5ff1",10,"marcheren","hierarchie"
"16adb2e1e34-4f1d-164-f1c3-5ff1",10,"marcheren","schoenen"
"16adb2e1e34-4f1d-164-f1c3-5ff1",10,"marcheren","marechaussee"
"16adb2e1e34-4f1d-164-f1c3-5ff1",10,"marcheren","optocht"
"16adb2e1e34-4f1d-164-f1c3-5ff1",10,"marcheren","benen"
"16adb2e1e34-4f1d-164-f1c3-5ff1",10,"marcheren","stijf"
"16adb2e1e34-4f1d-164-f1c3-5ff1",1,"afdalen","berg"
"16adb2e1e34-4f1d-164-f1c3-5ff1",1,"afdalen","beneden"
"16adb2e1e34-4f1d-164-f1c3-5ff1",1,"afdalen","kuiten"
"16adb2e1e34-4f1d-164-f1c3-5ff1",1,"afdalen","lopen"
"16adb2e1e34-4f1d-164-f1c3-5ff1",1,"afdalen","wandelen"
"16adb2e1e34-4f1d-164-f1c3-5ff1",1,"afdalen","heuvel"
"16adb2e1e34-4f1d-164-f1c3-5ff1",17,"snijden","mes"
"16adb2e1e34-4f1d-164-f1c3-5ff1",17,"snijden","verdelen in stukken"
"16adb2e1e34-4f1d-164-f1c3-5ff1",17,"snijden","vlees"
"16adb2e1e34-4f1d-164-f1c3-5ff1",17,"snijden","keuken"
"16adb2e1e34-4f1d-164-f1c3-5ff1",17,"snijden","bereiden"
"16adb2e1e34-4f1d-164-f1c3-5ff1",8,"kuieren","wandelen"
"16adb2e1e34-4f1d-164-f1c3-5ff1",8,"kuieren","rustig"
"16adb2e1e34-4f1d-164-f1c3-5ff1",8,"kuieren","bos"
"16adb2e1e34-4f1d-164-f1c3-5ff1",8,"kuieren","lopen"
"16adb2e1e34-4f1d-164-f1c3-5ff1",8,"kuieren","praten"
"16adb2e1e34-4f1d-164-f1c3-5ff1",8,"kuieren","kletsen"
"16adb2e1e34-4f1d-164-f1c3-5ff1",8,"kuieren","relaxed"
"16adb2e1e34-4f1d-164-f1c3-5ff1",8,"kuieren","geen haast"
"16adb2e1e34-4f1d-164-f1c3-5ff1",20,"kloppen","voordeur"
"16adb2e1e34-4f1d-164-f1c3-5ff1",20,"kloppen","signaal"
"16adb2e1e34-4f1d-164-f1c3-5ff1",20,"kloppen","vuist"
"16adb2e1e34-4f1d-164-f1c3-5ff1",20,"kloppen","begroeting"
"16adb2e1e34-4f1d-164-f1c3-5ff1",20,"kloppen","ontvangst"
"16adb2e1e34-4f1d-164-f1c3-5ff1",20,"kloppen","hand"
"16adb2e1e34-4f1d-164-f1c3-5ff1",11,"schuifelen","dansen"
"16adb2e1e34-4f1d-164-f1c3-5ff1",11,"schuifelen","partner"
"16adb2e1e34-4f1d-164-f1c3-5ff1",11,"schuifelen","dichtbij"
"16adb2e1e34-4f1d-164-f1c3-5ff1",11,"schuifelen","omarmen"
"16adb2e1e34-4f1d-164-f1c3-5ff1",11,"schuifelen","man-vrouw"
"16adb2e1e34-4f1d-164-f1c3-5ff1",11,"schuifelen","langzaam"
"16adb2e1e34-4f1d-164-f1c3-5ff1",11,"schuifelen","romantiek"
"16adb2e1e34-4f1d-164-f1c3-5ff1",21,"slaaten","ik weet niet wat dit betekent."
"16adb2e1e34-4f1d-164-f1c3-5ff1",21,"slaaten","?"
"16adb2e1e34-4f1d-164-f1c3-5ff1",21,"slaaten","?"
"16adb2e1e34-4f1d-164-f1c3-5ff1",21,"slaaten","?"
"16adb2e1e34-4f1d-164-f1c3-5ff1",21,"slaaten","?"
"16adb2e1e34-4f1d-164-f1c3-5ff1",21,"slaaten","?"
"16adb2e1e34-4f1d-164-f1c3-5ff1",21,"slaaten","?"
"16adb2e1e34-4f1d-164-f1c3-5ff1",21,"slaaten","?"
"16adb2e1e34-4f1d-164-f1c3-5ff1",21,"slaaten","?"
"16adb2e1e34-4f1d-164-f1c3-5ff1",21,"slaaten","?"
"16adb2e1e34-4f1d-164-f1c3-5ff1",18,"hakken","bijl"
"16adb2e1e34-4f1d-164-f1c3-5ff1",18,"hakken","verdelen in stukken"
"16adb2e1e34-4f1d-164-f1c3-5ff1",18,"hakken","boom"
"16adb2e1e34-4f1d-164-f1c3-5ff1",18,"hakken","arm"
"16adb2e1e34-4f1d-164-f1c3-5ff1",18,"hakken","spierkracht"
"16adb2e1e34-4f1d-164-f1c3-5ff1",18,"hakken","gereedschap"
"16adb2e1e34-4f1d-164-f1c3-5ff1",18,"hakken","hout"
"16adb2e1e34-4f1d-164-f1c3-5ff1",5,"haasten","onrustig"
"16adb2e1e34-4f1d-164-f1c3-5ff1",5,"haasten","stress"
"16adb2e1e34-4f1d-164-f1c3-5ff1",5,"haasten","klok"
"16adb2e1e34-4f1d-164-f1c3-5ff1",5,"haasten","tijd"
"16adb2e1e34-4f1d-164-f1c3-5ff1",5,"haasten","opschieten"
"16adb2e1e34-4f1d-164-f1c3-5ff1",5,"haasten","snelheid"
"16adb2e1e34-4f1d-164-f1c3-5ff1",3,"dolen","zoekend"
"16adb2e1e34-4f1d-164-f1c3-5ff1",3,"dolen","verdwaald"
"16adb2e1e34-4f1d-164-f1c3-5ff1",3,"dolen","wandelen"
"16adb2e1e34-4f1d-164-f1c3-5ff1",3,"dolen","vragend"
"16adb2e1e34-4f1d-164-f1c3-5ff1",3,"dolen","lopend"
"16adb2e1e34-4f1d-164-f1c3-5ff1",13,"sluipen","inbreker"
"16adb2e1e34-4f1d-164-f1c3-5ff1",13,"sluipen","dief"
"16adb2e1e34-4f1d-164-f1c3-5ff1",13,"sluipen","zachtjes"
"16adb2e1e34-4f1d-164-f1c3-5ff1",13,"sluipen","onopgemerkt"
"16adb2e1e34-4f1d-164-f1c3-5ff1",13,"sluipen","lopen"
"16adb2e1e34-4f1d-164-f1c3-5ff1",13,"sluipen","op tenen"
"16adb2e1e34-4f1d-164-f1c3-5ff1",13,"sluipen","ongezien"
"16adb2e1e34-4f1d-164-f1c3-5ff1",2,"banjeren","druk"
"16adb2e1e34-4f1d-164-f1c3-5ff1",2,"banjeren","ongeremd"
"16adb2e1e34-4f1d-164-f1c3-5ff1",2,"banjeren","lomp"
"16adb2e1e34-4f1d-164-f1c3-5ff1",2,"banjeren","lopen"
"16adb2e1e34-4f1d-164-f1c3-5ff1",2,"banjeren","chaotisch"
"16adb2e1e34-4f1d-164-f1c3-5ff1",2,"banjeren","haastig"
"16adb2e1e34-4f1d-164-f1c3-5ff1",15,"walsen","lomp"
"16adb2e1e34-4f1d-164-f1c3-5ff1",15,"walsen","schreeuwen"
"16adb2e1e34-4f1d-164-f1c3-5ff1",15,"walsen","hoogste woord voeren"
"16adb2e1e34-4f1d-164-f1c3-5ff1",15,"walsen","grote mond"
"16adb2e1e34-4f1d-164-f1c3-5ff1",15,"walsen","brutaal"
"16adb2e1e34-4f1d-164-f1c3-5ff1",19,"knippen","knutselen"
"16adb2e1e34-4f1d-164-f1c3-5ff1",19,"knippen","schaar"
"16adb2e1e34-4f1d-164-f1c3-5ff1",19,"knippen","in papier"
"16adb2e1e34-4f1d-164-f1c3-5ff1",19,"knippen","in stof"
"16adb2e1e34-4f1d-164-f1c3-5ff1",19,"knippen","figuren"
"16adb2e1e34-4f1d-164-f1c3-5ff1",19,"knippen","uit krant"
"16adb2e1e34-4f1d-164-f1c3-5ff1",16,"wijken","ontlopen"
"16adb2e1e34-4f1d-164-f1c3-5ff1",16,"wijken","niet willen zien"
"16adb2e1e34-4f1d-164-f1c3-5ff1",16,"wijken","ontkomen"
"16adb2e1e34-4f1d-164-f1c3-5ff1",16,"wijken","geen zin in hebben"
"16adb2e1e34-4f1d-164-f1c3-5ff1",16,"wijken","verplichting"
"16adb2e1e34-4f1d-164-f1c3-5ff1",14,"spoeden","haastig"
"16adb2e1e34-4f1d-164-f1c3-5ff1",14,"spoeden","geen uitstel"
"16adb2e1e34-4f1d-164-f1c3-5ff1",14,"spoeden","stress"
"16adb2e1e34-4f1d-164-f1c3-5ff1",14,"spoeden","ambulance"
"16adb2e1e34-4f1d-164-f1c3-5ff1",14,"spoeden","snelheid"
"16adb2e1e34-4f1d-164-f1c3-5ff1",14,"spoeden","zo snel mogelijk"
"16adb2e1e34-4f1d-164-f1c3-5ff1",12,"slingeren","dronken"
"16adb2e1e34-4f1d-164-f1c3-5ff1",12,"slingeren","op de weg"
"16adb2e1e34-4f1d-164-f1c3-5ff1",12,"slingeren","fietsen"
"16adb2e1e34-4f1d-164-f1c3-5ff1",12,"slingeren","geen rechte lijn"
"16adb2e1e34-4f1d-164-f1c3-5ff1",12,"slingeren","onsamenhangend"
"16adb2e1e34-4f1d-164-f1c3-5ff1",12,"slingeren","alle kanten op"
"16adb2e1e34-4f1d-164-f1c3-5ff1",7,"klimmen","berg"
"16adb2e1e34-4f1d-164-f1c3-5ff1",7,"klimmen","lichamelijk"
"16adb2e1e34-4f1d-164-f1c3-5ff1",7,"klimmen","armen"
"16adb2e1e34-4f1d-164-f1c3-5ff1",7,"klimmen","benen"
"16adb2e1e34-4f1d-164-f1c3-5ff1",7,"klimmen","hoogte"
"16adb2e1e34-4f1d-164-f1c3-5ff1",7,"klimmen","gereedschap"
"16adb2e1e34-4f1d-164-f1c3-5ff1",7,"klimmen","touwen"
"16adb2e1e34-4f1d-164-f1c3-5ff1",7,"klimmen","zekering"
"16adb2e1e34-4f1d-164-f1c3-5ff1",6,"hardlopen","sport"
"16adb2e1e34-4f1d-164-f1c3-5ff1",6,"hardlopen","schoenen"
"16adb2e1e34-4f1d-164-f1c3-5ff1",6,"hardlopen","bos"
"16adb2e1e34-4f1d-164-f1c3-5ff1",6,"hardlopen","snelheid"
"16adb2e1e34-4f1d-164-f1c3-5ff1",6,"hardlopen","conditie"
"16adb2e1e34-4f1d-164-f1c3-5ff1",6,"hardlopen","wedstrijden"
"16adb2e1e34-4f1d-164-f1c3-5ff1",6,"hardlopen","blessure"
"16adb2e1e34-4f1d-164-f1c3-5ff1",6,"hardlopen","benen"
"16adb2e1e34-4f1d-164-f1c3-5ff1",6,"hardlopen","knie"
"16adb2e1e34-4f1d-164-f1c3-5ff1",6,"hardlopen","zweten"
"16adb2e1e34-4f1d-164-f1c3-5ff1",9,"lopen","wandelen"
"16adb2e1e34-4f1d-164-f1c3-5ff1",9,"lopen","bos"
"16adb2e1e34-4f1d-164-f1c3-5ff1",9,"lopen","benen"
"16adb2e1e34-4f1d-164-f1c3-5ff1",9,"lopen","voet"
"16adb2e1e34-4f1d-164-f1c3-5ff1",9,"lopen","schoenen"
"16adb2e1e34-4f1d-164-f1c3-5ff1",9,"lopen","naar werk"
"16adb2e1e34-4f1d-164-f1c3-5ff1",9,"lopen","naar winkel"
"16adb2e1e34-4f1d-164-f1c3-5ff1",4,"glippen","geen grip"
"16adb2e1e34-4f1d-164-f1c3-5ff1",4,"glippen","ongeremd"
"16adb2e1e34-4f1d-164-f1c3-5ff1",4,"glippen","glad"
"16adb2e1e34-4f1d-164-f1c3-5ff1",4,"glippen","glijden"
"16adb2e1e34-4f1d-164-f1c3-5ff1",4,"glippen","ongezien"
"16adc0f590f-1983-3c29-2c68-7c34",12,"slingeren","met een touw"
"16adc0f590f-1983-3c29-2c68-7c34",12,"slingeren","heen en weer"
"16adc0f590f-1983-3c29-2c68-7c34",12,"slingeren","bewegen"
"16adc0f590f-1983-3c29-2c68-7c34",12,"slingeren","van de ene naar de andere kant"
"16adc0f590f-1983-3c29-2c68-7c34",12,"slingeren","actief"
"16adc0f590f-1983-3c29-2c68-7c34",7,"klimmen","actief"
"16adc0f590f-1983-3c29-2c68-7c34",7,"klimmen","bewegen"
"16adc0f590f-1983-3c29-2c68-7c34",7,"klimmen","in een boom"
"16adc0f590f-1983-3c29-2c68-7c34",7,"klimmen","omhoog"
"16adc0f590f-1983-3c29-2c68-7c34",7,"klimmen","omlaag"
"16adc0f590f-1983-3c29-2c68-7c34",18,"hakken","schoenen"
"16adc0f590f-1983-3c29-2c68-7c34",18,"hakken","zere voeten"
"16adc0f590f-1983-3c29-2c68-7c34",18,"hakken","pumps"
"16adc0f590f-1983-3c29-2c68-7c34",18,"hakken","hoog"
"16adc0f590f-1983-3c29-2c68-7c34",18,"hakken","puntig"
"16adc0f590f-1983-3c29-2c68-7c34",6,"hardlopen","actief"
"16adc0f590f-1983-3c29-2c68-7c34",6,"hardlopen","bewegen"
"16adc0f590f-1983-3c29-2c68-7c34",6,"hardlopen","hardloopschoen"
"16adc0f590f-1983-3c29-2c68-7c34",6,"hardlopen","rennen"
"16adc0f590f-1983-3c29-2c68-7c34",6,"hardlopen","constante snelheid"
"16adc0f590f-1983-3c29-2c68-7c34",13,"sluipen","als een leeuw"
"16adc0f590f-1983-3c29-2c68-7c34",13,"sluipen","zachtjes doen"
"16adc0f590f-1983-3c29-2c68-7c34",13,"sluipen","op je tenen lopen"
"16adc0f590f-1983-3c29-2c68-7c34",13,"sluipen","niemand hoort je"
"16adc0f590f-1983-3c29-2c68-7c34",13,"sluipen","zo stil mogelijk"
"16adc0f590f-1983-3c29-2c68-7c34",15,"walsen","dans"
"16adc0f590f-1983-3c29-2c68-7c34",15,"walsen","beweging"
"16adc0f590f-1983-3c29-2c68-7c34",15,"walsen","actief"
"16adc0f590f-1983-3c29-2c68-7c34",15,"walsen","partner"
"16adc0f590f-1983-3c29-2c68-7c34",15,"walsen","stijldansen"
"16adc0f590f-1983-3c29-2c68-7c34",19,"knippen","schaar"
"16adc0f590f-1983-3c29-2c68-7c34",19,"knippen","in papier"
"16adc0f590f-1983-3c29-2c68-7c34",19,"knippen","met de handen"
"16adc0f590f-1983-3c29-2c68-7c34",19,"knippen","fijne motoriek"
"16adc0f590f-1983-3c29-2c68-7c34",19,"knippen","golflijn"
"16adc0f590f-1983-3c29-2c68-7c34",19,"knippen","rechte lijn"
"16adc0f590f-1983-3c29-2c68-7c34",2,"banjeren","lopen"
"16adc0f590f-1983-3c29-2c68-7c34",2,"banjeren","bewegen"
"16adc0f590f-1983-3c29-2c68-7c34",2,"banjeren","voeten"
"16adc0f590f-1983-3c29-2c68-7c34",2,"banjeren","actief"
"16adc0f590f-1983-3c29-2c68-7c34",2,"banjeren","op schoenen"
"16adc0f590f-1983-3c29-2c68-7c34",11,"schuifelen","voetje voor voetje"
"16adc0f590f-1983-3c29-2c68-7c34",11,"schuifelen","zachtjes"
"16adc0f590f-1983-3c29-2c68-7c34",11,"schuifelen","voorzichtig"
"16adc0f590f-1983-3c29-2c68-7c34",11,"schuifelen","langzaam lopen"
"16adc0f590f-1983-3c29-2c68-7c34",11,"schuifelen","bewegen"
"16adc0f590f-1983-3c29-2c68-7c34",9,"lopen","op je voeten"
"16adc0f590f-1983-3c29-2c68-7c34",9,"lopen","ergens naartoe"
"16adc0f590f-1983-3c29-2c68-7c34",9,"lopen","bewegen"
"16adc0f590f-1983-3c29-2c68-7c34",9,"lopen","actief"
"16adc0f590f-1983-3c29-2c68-7c34",9,"lopen","over de weg"
"16adc0f590f-1983-3c29-2c68-7c34",14,"spoeden","snel zijn"
"16adc0f590f-1983-3c29-2c68-7c34",14,"spoeden","hulp"
"16adc0f590f-1983-3c29-2c68-7c34",14,"spoeden","spoedgeval"
"16adc0f590f-1983-3c29-2c68-7c34",14,"spoeden","eerste hulp"
"16adc0f590f-1983-3c29-2c68-7c34",14,"spoeden","behulpzaam"
"16adc0f590f-1983-3c29-2c68-7c34",20,"kloppen","op de deur"
"16adc0f590f-1983-3c29-2c68-7c34",20,"kloppen","met je vuist"
"16adc0f590f-1983-3c29-2c68-7c34",20,"kloppen","in plaats van bellen"
"16adc0f590f-1983-3c29-2c68-7c34",20,"kloppen","zachtjes de deur aantikken"
"16adc0f590f-1983-3c29-2c68-7c34",20,"kloppen","bonk geluid"
"16adc0f590f-1983-3c29-2c68-7c34",5,"haasten","snel doen"
"16adc0f590f-1983-3c29-2c68-7c34",5,"haasten","weinig tijd"
"16adc0f590f-1983-3c29-2c68-7c34",5,"haasten","zo snel mogelijk"
"16adc0f590f-1983-3c29-2c68-7c34",5,"haasten","opschieten"
"16adc0f590f-1983-3c29-2c68-7c34",5,"haasten","alles bij elkaar rapen"
"16adc0f590f-1983-3c29-2c68-7c34",3,"dolen","dwalen"
"16adc0f590f-1983-3c29-2c68-7c34",3,"dolen","doelloos rondlopen"
"16adc0f590f-1983-3c29-2c68-7c34",3,"dolen","de weg kwijt"
"16adc0f590f-1983-3c29-2c68-7c34",3,"dolen","in een doolhof"
"16adc0f590f-1983-3c29-2c68-7c34",3,"dolen","zoeken"
"16adc0f590f-1983-3c29-2c68-7c34",21,"slaaten","geen"
"16adc0f590f-1983-3c29-2c68-7c34",21,"slaaten","idee"
"16adc0f590f-1983-3c29-2c68-7c34",21,"slaaten","wat"
"16adc0f590f-1983-3c29-2c68-7c34",21,"slaaten","dit"
"16adc0f590f-1983-3c29-2c68-7c34",21,"slaaten","is?"
"16adc0f590f-1983-3c29-2c68-7c34",1,"afdalen","naar beneden"
"16adc0f590f-1983-3c29-2c68-7c34",1,"afdalen","omlaag"
"16adc0f590f-1983-3c29-2c68-7c34",1,"afdalen","actief"
"16adc0f590f-1983-3c29-2c68-7c34",1,"afdalen","bewegen"
"16adc0f590f-1983-3c29-2c68-7c34",1,"afdalen","schuin naar beneden"
"16adc0f590f-1983-3c29-2c68-7c34",16,"wijken","uitwijken"
"16adc0f590f-1983-3c29-2c68-7c34",16,"wijken","afwijken"
"16adc0f590f-1983-3c29-2c68-7c34",16,"wijken","aan de kant voor iemand"
"16adc0f590f-1983-3c29-2c68-7c34",16,"wijken","naar links"
"16adc0f590f-1983-3c29-2c68-7c34",16,"wijken","naar rechts"
"16adc0f590f-1983-3c29-2c68-7c34",8,"kuieren","langzaam lopen"
"16adc0f590f-1983-3c29-2c68-7c34",8,"kuieren","sloom"
"16adc0f590f-1983-3c29-2c68-7c34",8,"kuieren","niet snel"
"16adc0f590f-1983-3c29-2c68-7c34",8,"kuieren","traag"
"16adc0f590f-1983-3c29-2c68-7c34",8,"kuieren","rustig aan"
"16adc0f590f-1983-3c29-2c68-7c34",17,"snijden","met een mes"
"16adc0f590f-1983-3c29-2c68-7c34",17,"snijden","op een snijplank"
"16adc0f590f-1983-3c29-2c68-7c34",17,"snijden","hakbeweging"
"16adc0f590f-1983-3c29-2c68-7c34",17,"snijden","groente snijden"
"16adc0f590f-1983-3c29-2c68-7c34",17,"snijden","snelheid"
"16adc0f590f-1983-3c29-2c68-7c34",10,"marcheren","lopen op de maat"
"16adc0f590f-1983-3c29-2c68-7c34",10,"marcheren","bewegen op de maat"
"16adc0f590f-1983-3c29-2c68-7c34",10,"marcheren","in gelijk tempo"
"16adc0f590f-1983-3c29-2c68-7c34",10,"marcheren","met z'n allen tegelijk"
"16adc0f590f-1983-3c29-2c68-7c34",10,"marcheren","actief"
"16adc0f590f-1983-3c29-2c68-7c34",4,"glippen","er tussenuit sneaken"
"16adc0f590f-1983-3c29-2c68-7c34",4,"glippen","weggaan"
"16adc0f590f-1983-3c29-2c68-7c34",4,"glippen","ongezien wegkomen"
"16adc0f590f-1983-3c29-2c68-7c34",4,"glippen","ergens tussendoor glippen"
"16adc0f590f-1983-3c29-2c68-7c34",4,"glippen","sneaky"
"16adfec50ad-8c32-71a8-2899-a2df",4,"glippen","ontkomen"
"16adfec50ad-8c32-71a8-2899-a2df",4,"glippen","glijden"
"16adfec50ad-8c32-71a8-2899-a2df",4,"glippen","glad"
"16adfec50ad-8c32-71a8-2899-a2df",4,"glippen","geheim"
"16adfec50ad-8c32-71a8-2899-a2df",4,"glippen","verdwijnen"
"16adfec50ad-8c32-71a8-2899-a2df",6,"hardlopen","rennen"
"16adfec50ad-8c32-71a8-2899-a2df",6,"hardlopen","schoenen"
"16adfec50ad-8c32-71a8-2899-a2df",6,"hardlopen","wedstrijd"
"16adfec50ad-8c32-71a8-2899-a2df",6,"hardlopen","conditie"
"16adfec50ad-8c32-71a8-2899-a2df",6,"hardlopen","sporten"
"16adfec50ad-8c32-71a8-2899-a2df",3,"dolen","zwerven"
"16adfec50ad-8c32-71a8-2899-a2df",3,"dolen","rondlopen"
"16adfec50ad-8c32-71a8-2899-a2df",3,"dolen","verleden"
"16adfec50ad-8c32-71a8-2899-a2df",3,"dolen","lopen"
"16adfec50ad-8c32-71a8-2899-a2df",3,"dolen","verdwaalt"
"16adfec50ad-8c32-71a8-2899-a2df",18,"hakken","bijl"
"16adfec50ad-8c32-71a8-2899-a2df",18,"hakken","boom"
"16adfec50ad-8c32-71a8-2899-a2df",18,"hakken","hardcore"
"16adfec50ad-8c32-71a8-2899-a2df",18,"hakken","natuur"
"16adfec50ad-8c32-71a8-2899-a2df",18,"hakken","feest"
"16adfec50ad-8c32-71a8-2899-a2df",18,"hakken","muziek"
"16adfec50ad-8c32-71a8-2899-a2df",18,"hakken","omvallen"
"16adfec50ad-8c32-71a8-2899-a2df",2,"banjeren","rondjes lopen"
"16adfec50ad-8c32-71a8-2899-a2df",2,"banjeren","lopen"
"16adfec50ad-8c32-71a8-2899-a2df",2,"banjeren","verdwaald"
"16adfec50ad-8c32-71a8-2899-a2df",2,"banjeren","modder"
"16adfec50ad-8c32-71a8-2899-a2df",2,"banjeren","doelloos"
"16adfec50ad-8c32-71a8-2899-a2df",2,"banjeren","vies worden"
"16adfec50ad-8c32-71a8-2899-a2df",13,"sluipen","geheim"
"16adfec50ad-8c32-71a8-2899-a2df",13,"sluipen","glippen"
"16adfec50ad-8c32-71a8-2899-a2df",13,"sluipen","stil"
"16adfec50ad-8c32-71a8-2899-a2df",13,"sluipen","bespieden"
"16adfec50ad-8c32-71a8-2899-a2df",13,"sluipen","schrikken"
"16adfec50ad-8c32-71a8-2899-a2df",12,"slingeren","auto"
"16adfec50ad-8c32-71a8-2899-a2df",12,"slingeren","dronken"
"16adfec50ad-8c32-71a8-2899-a2df",12,"slingeren","lopen"
"16adfec50ad-8c32-71a8-2899-a2df",12,"slingeren","fiets"
"16adfec50ad-8c32-71a8-2899-a2df",12,"slingeren","moe"
"16adfec50ad-8c32-71a8-2899-a2df",12,"slingeren","gooien"
"16adfec50ad-8c32-71a8-2899-a2df",10,"marcheren","kisten"
"16adfec50ad-8c32-71a8-2899-a2df",10,"marcheren","lopen"
"16adfec50ad-8c32-71a8-2899-a2df",10,"marcheren","maat"
"16adfec50ad-8c32-71a8-2899-a2df",10,"marcheren","leger"
"16adfec50ad-8c32-71a8-2899-a2df",10,"marcheren","formatie"
"16adfec50ad-8c32-71a8-2899-a2df",10,"marcheren","rotten"
"16adfec50ad-8c32-71a8-2899-a2df",10,"marcheren","gelederen"
"16adfec50ad-8c32-71a8-2899-a2df",15,"walsen","overtreffen"
"16adfec50ad-8c32-71a8-2899-a2df",15,"walsen","overheen"
"16adfec50ad-8c32-71a8-2899-a2df",15,"walsen","verslaan"
"16adfec50ad-8c32-71a8-2899-a2df",15,"walsen","asfalt"
"16adfec50ad-8c32-71a8-2899-a2df",15,"walsen","bouwen"
"16adfec50ad-8c32-71a8-2899-a2df",15,"walsen","verbeteren"
"16adfec50ad-8c32-71a8-2899-a2df",8,"kuieren","dragen"
"16adfec50ad-8c32-71a8-2899-a2df",8,"kuieren","lopen"
"16adfec50ad-8c32-71a8-2899-a2df",8,"kuieren","meenemen"
"16adfec50ad-8c32-71a8-2899-a2df",8,"kuieren","slepen"
"16adfec50ad-8c32-71a8-2899-a2df",8,"kuieren","last"
"16adfec50ad-8c32-71a8-2899-a2df",5,"haasten","tijd"
"16adfec50ad-8c32-71a8-2899-a2df",5,"haasten","snellen"
"16adfec50ad-8c32-71a8-2899-a2df",5,"haasten","te laat"
"16adfec50ad-8c32-71a8-2899-a2df",5,"haasten","rennen"
"16adfec50ad-8c32-71a8-2899-a2df",5,"haasten","bus halen"
"16adfec50ad-8c32-71a8-2899-a2df",9,"lopen","wandelen"
"16adfec50ad-8c32-71a8-2899-a2df",9,"lopen","schoenen"
"16adfec50ad-8c32-71a8-2899-a2df",9,"lopen","weg"
"16adfec50ad-8c32-71a8-2899-a2df",9,"lopen","pad"
"16adfec50ad-8c32-71a8-2899-a2df",9,"lopen","dagelijks"
"16adfec50ad-8c32-71a8-2899-a2df",9,"lopen","trappen"
"16adfec50ad-8c32-71a8-2899-a2df",9,"lopen","werken"
"16adfec50ad-8c32-71a8-2899-a2df",1,"afdalen","touw"
"16adfec50ad-8c32-71a8-2899-a2df",1,"afdalen","pad"
"16adfec50ad-8c32-71a8-2899-a2df",1,"afdalen","trap"
"16adfec50ad-8c32-71a8-2899-a2df",1,"afdalen","kelder"
"16adfec50ad-8c32-71a8-2899-a2df",1,"afdalen","berghelling"
"16adfec50ad-8c32-71a8-2899-a2df",20,"kloppen","aankondigen"
"16adfec50ad-8c32-71a8-2899-a2df",20,"kloppen","opendoen"
"16adfec50ad-8c32-71a8-2899-a2df",20,"kloppen","aanwezigheid"
"16adfec50ad-8c32-71a8-2899-a2df",20,"kloppen","binnenkomen"
"16adfec50ad-8c32-71a8-2899-a2df",20,"kloppen","bel"
"16adfec50ad-8c32-71a8-2899-a2df",16,"wijken","woonwijken"
"16adfec50ad-8c32-71a8-2899-a2df",16,"wijken","huizen"
"16adfec50ad-8c32-71a8-2899-a2df",16,"wijken","aan de kant gaan"
"16adfec50ad-8c32-71a8-2899-a2df",16,"wijken","doel"
"16adfec50ad-8c32-71a8-2899-a2df",16,"wijken","verkeer"
"16adfec50ad-8c32-71a8-2899-a2df",16,"wijken","uitwijken"
"16adfec50ad-8c32-71a8-2899-a2df",7,"klimmen","wand"
"16adfec50ad-8c32-71a8-2899-a2df",7,"klimmen","trap"
"16adfec50ad-8c32-71a8-2899-a2df",7,"klimmen","berg"
"16adfec50ad-8c32-71a8-2899-a2df",7,"klimmen","touw"
"16adfec50ad-8c32-71a8-2899-a2df",7,"klimmen","binnen"
"16adfec50ad-8c32-71a8-2899-a2df",7,"klimmen","buiten"
"16adfec50ad-8c32-71a8-2899-a2df",14,"spoeden","snel"
"16adfec50ad-8c32-71a8-2899-a2df",14,"spoeden","haast"
"16adfec50ad-8c32-71a8-2899-a2df",14,"spoeden","verplaatsen"
"16adfec50ad-8c32-71a8-2899-a2df",14,"spoeden","hulp bieden"
"16adfec50ad-8c32-71a8-2899-a2df",14,"spoeden","hulpdiensten"
"16adfec50ad-8c32-71a8-2899-a2df",17,"snijden","mes"
"16adfec50ad-8c32-71a8-2899-a2df",17,"snijden","boter"
"16adfec50ad-8c32-71a8-2899-a2df",17,"snijden","touw"
"16adfec50ad-8c32-71a8-2899-a2df",17,"snijden","groente"
"16adfec50ad-8c32-71a8-2899-a2df",17,"snijden","vlees"
"16adfec50ad-8c32-71a8-2899-a2df",11,"schuifelen","dansen"
"16adfec50ad-8c32-71a8-2899-a2df",11,"schuifelen","romantisch"
"16adfec50ad-8c32-71a8-2899-a2df",11,"schuifelen","basisschool"
"16adfec50ad-8c32-71a8-2899-a2df",11,"schuifelen","muziek"
"16adfec50ad-8c32-71a8-2899-a2df",11,"schuifelen","geslacht"
"16adfec50ad-8c32-71a8-2899-a2df",19,"knippen","haar"
"16adfec50ad-8c32-71a8-2899-a2df",19,"knippen","kapper"
"16adfec50ad-8c32-71a8-2899-a2df",19,"knippen","school"
"16adfec50ad-8c32-71a8-2899-a2df",19,"knippen","kleuters"
"16adfec50ad-8c32-71a8-2899-a2df",19,"knippen","touw"
"16adfec50ad-8c32-71a8-2899-a2df",19,"knippen","papier"
"16adfec50ad-8c32-71a8-2899-a2df",21,"slaaten","verzonnen"
"16adfec50ad-8c32-71a8-2899-a2df",21,"slaaten","nep"
"16adfec50ad-8c32-71a8-2899-a2df",21,"slaaten","geen idee"
"16adfec50ad-8c32-71a8-2899-a2df",21,"slaaten","geen definitie"
"16adfec50ad-8c32-71a8-2899-a2df",21,"slaaten","weet niet"
"16ae08bae7a-a39a-768f-b881-d380",7,"klimmen","stijgen"
"16ae08bae7a-a39a-768f-b881-d380",7,"klimmen","met handen"
"16ae08bae7a-a39a-768f-b881-d380",7,"klimmen","omhoog"
"16ae08bae7a-a39a-768f-b881-d380",7,"klimmen","hoogte"
"16ae08bae7a-a39a-768f-b881-d380",7,"klimmen","actief"
"16ae08bae7a-a39a-768f-b881-d380",14,"spoeden","snel"
"16ae08bae7a-a39a-768f-b881-d380",14,"spoeden","dringend"
"16ae08bae7a-a39a-768f-b881-d380",14,"spoeden","haasten"
"16ae08bae7a-a39a-768f-b881-d380",14,"spoeden","opschieten"
"16ae08bae7a-a39a-768f-b881-d380",14,"spoeden","spoed"
"16ae08bae7a-a39a-768f-b881-d380",3,"dolen","verdwaald"
"16ae08bae7a-a39a-768f-b881-d380",3,"dolen","dwalen"
"16ae08bae7a-a39a-768f-b881-d380",3,"dolen","geen bestemming"
"16ae08bae7a-a39a-768f-b881-d380",3,"dolen","langzaam"
"16ae08bae7a-a39a-768f-b881-d380",3,"dolen","slenteren"
"16ae08bae7a-a39a-768f-b881-d380",2,"banjeren","wandelen"
"16ae08bae7a-a39a-768f-b881-d380",2,"banjeren","zand"
"16ae08bae7a-a39a-768f-b881-d380",2,"banjeren","voeten niet optillen"
"16ae08bae7a-a39a-768f-b881-d380",2,"banjeren","langzaam"
"16ae08bae7a-a39a-768f-b881-d380",2,"banjeren","rustig"
"16ae08bae7a-a39a-768f-b881-d380",13,"sluipen","stiekem"
"16ae08bae7a-a39a-768f-b881-d380",13,"sluipen","langzaam"
"16ae08bae7a-a39a-768f-b881-d380",13,"sluipen","geruisloos"
"16ae08bae7a-a39a-768f-b881-d380",13,"sluipen","stil"
"16ae08bae7a-a39a-768f-b881-d380",13,"sluipen","onzichtbaar"
"16ae08bae7a-a39a-768f-b881-d380",20,"kloppen","vuist"
"16ae08bae7a-a39a-768f-b881-d380",20,"kloppen","geluidmaken"
"16ae08bae7a-a39a-768f-b881-d380",20,"kloppen","deur"
"16ae08bae7a-a39a-768f-b881-d380",20,"kloppen","knokkels"
"16ae08bae7a-a39a-768f-b881-d380",20,"kloppen","tikken"
"16ae08bae7a-a39a-768f-b881-d380",16,"wijken","aan de kant"
"16ae08bae7a-a39a-768f-b881-d380",16,"wijken","opzij gaan"
"16ae08bae7a-a39a-768f-b881-d380",16,"wijken","sturen"
"16ae08bae7a-a39a-768f-b881-d380",16,"wijken","koers"
"16ae08bae7a-a39a-768f-b881-d380",16,"wijken","wijzigen"
"16ae08bae7a-a39a-768f-b881-d380",18,"hakken","dansen"
"16ae08bae7a-a39a-768f-b881-d380",18,"hakken","snel"
"16ae08bae7a-a39a-768f-b881-d380",18,"hakken","ritme"
"16ae08bae7a-a39a-768f-b881-d380",18,"hakken","grond"
"16ae08bae7a-a39a-768f-b881-d380",18,"hakken","springen"
"16ae08bae7a-a39a-768f-b881-d380",9,"lopen","wandelen"
"16ae08bae7a-a39a-768f-b881-d380",9,"lopen","voorwaarts"
"16ae08bae7a-a39a-768f-b881-d380",9,"lopen","voeten"
"16ae08bae7a-a39a-768f-b881-d380",9,"lopen","grond"
"16ae08bae7a-a39a-768f-b881-d380",9,"lopen","bewegen"
"16ae08bae7a-a39a-768f-b881-d380",8,"kuieren","zand"
"16ae08bae7a-a39a-768f-b881-d380",8,"kuieren","wandelen"
"16ae08bae7a-a39a-768f-b881-d380",8,"kuieren","rustig"
"16ae08bae7a-a39a-768f-b881-d380",8,"kuieren","ondergrond"
"16ae08bae7a-a39a-768f-b881-d380",8,"kuieren","platteland"
"16ae08bae7a-a39a-768f-b881-d380",21,"slaaten","lopen"
"16ae08bae7a-a39a-768f-b881-d380",21,"slaaten","snel"
"16ae08bae7a-a39a-768f-b881-d380",21,"slaaten","haast"
"16ae08bae7a-a39a-768f-b881-d380",21,"slaaten","spoed"
"16ae08bae7a-a39a-768f-b881-d380",21,"slaaten","dringend"
"16ae08bae7a-a39a-768f-b881-d380",5,"haasten","snel"
"16ae08bae7a-a39a-768f-b881-d380",5,"haasten","spoed"
"16ae08bae7a-a39a-768f-b881-d380",5,"haasten","iets halen"
"16ae08bae7a-a39a-768f-b881-d380",5,"haasten","haast"
"16ae08bae7a-a39a-768f-b881-d380",5,"haasten","snelheid"
"16ae08bae7a-a39a-768f-b881-d380",10,"marcheren","soldaat"
"16ae08bae7a-a39a-768f-b881-d380",10,"marcheren","lopen"
"16ae08bae7a-a39a-768f-b881-d380",10,"marcheren","mars"
"16ae08bae7a-a39a-768f-b881-d380",10,"marcheren","strak"
"16ae08bae7a-a39a-768f-b881-d380",10,"marcheren","rechts"
"16ae08bae7a-a39a-768f-b881-d380",10,"marcheren","links"
"16ae08bae7a-a39a-768f-b881-d380",12,"slingeren","sturen"
"16ae08bae7a-a39a-768f-b881-d380",12,"slingeren","heen en weer"
"16ae08bae7a-a39a-768f-b881-d380",12,"slingeren","rijden"
"16ae08bae7a-a39a-768f-b881-d380",12,"slingeren","gevaarlijk"
"16ae08bae7a-a39a-768f-b881-d380",12,"slingeren","niet scheef"
"16ae08bae7a-a39a-768f-b881-d380",6,"hardlopen","snel"
"16ae08bae7a-a39a-768f-b881-d380",6,"hardlopen","sporten"
"16ae08bae7a-a39a-768f-b881-d380",6,"hardlopen","rennen"
"16ae08bae7a-a39a-768f-b881-d380",6,"hardlopen","snelheid"
"16ae08bae7a-a39a-768f-b881-d380",6,"hardlopen","lopen"
"16ae08bae7a-a39a-768f-b881-d380",15,"walsen","dansen"
"16ae08bae7a-a39a-768f-b881-d380",15,"walsen","duo"
"16ae08bae7a-a39a-768f-b881-d380",15,"walsen","muziek"
"16ae08bae7a-a39a-768f-b881-d380",15,"walsen","stijl"
"16ae08bae7a-a39a-768f-b881-d380",15,"walsen","beweging"
"16ae08bae7a-a39a-768f-b881-d380",4,"glippen","snel"
"16ae08bae7a-a39a-768f-b881-d380",4,"glippen","krap"
"16ae08bae7a-a39a-768f-b881-d380",4,"glippen","tussendoor"
"16ae08bae7a-a39a-768f-b881-d380",4,"glippen","glad"
"16ae08bae7a-a39a-768f-b881-d380",4,"glippen","gaan"
"16ae08bae7a-a39a-768f-b881-d380",11,"schuifelen","dansen"
"16ae08bae7a-a39a-768f-b881-d380",11,"schuifelen","langzaam"
"16ae08bae7a-a39a-768f-b881-d380",11,"schuifelen","twee"
"16ae08bae7a-a39a-768f-b881-d380",11,"schuifelen","romantisch"
"16ae08bae7a-a39a-768f-b881-d380",11,"schuifelen","rustig"
"16ae08bae7a-a39a-768f-b881-d380",17,"snijden","mes"
"16ae08bae7a-a39a-768f-b881-d380",17,"snijden","doormidden"
"16ae08bae7a-a39a-768f-b881-d380",17,"snijden","verbreken"
"16ae08bae7a-a39a-768f-b881-d380",17,"snijden","in stukjes"
"16ae08bae7a-a39a-768f-b881-d380",17,"snijden","kapot"
"16ae08bae7a-a39a-768f-b881-d380",19,"knippen","schaar"
"16ae08bae7a-a39a-768f-b881-d380",19,"knippen","in stukjes"
"16ae08bae7a-a39a-768f-b881-d380",19,"knippen","kapotmaken"
"16ae08bae7a-a39a-768f-b881-d380",19,"knippen","papier"
"16ae08bae7a-a39a-768f-b881-d380",19,"knippen","breken"
"16ae08bae7a-a39a-768f-b881-d380",1,"afdalen","omlaag"
"16ae08bae7a-a39a-768f-b881-d380",1,"afdalen","naar beneden"
"16ae08bae7a-a39a-768f-b881-d380",1,"afdalen","hoogte"
"16ae08bae7a-a39a-768f-b881-d380",1,"afdalen","laag"
"16ae08bae7a-a39a-768f-b881-d380",1,"afdalen","gaan"
"16ae0eba081-1eaa-3b47-c334-7e9a",16,"wijken","terugtrekken"
"16ae0eba081-1eaa-3b47-c334-7e9a",16,"wijken","niet op ingaan"
"16ae0eba081-1eaa-3b47-c334-7e9a",16,"wijken","passief"
"16ae0eba081-1eaa-3b47-c334-7e9a",16,"wijken","ontwijken"
"16ae0eba081-1eaa-3b47-c334-7e9a",16,"wijken","niet aangaan"
"16ae0eba081-1eaa-3b47-c334-7e9a",16,"wijken","niet dapper"
"16ae0eba081-1eaa-3b47-c334-7e9a",16,"wijken","uit de weg gaan"
"16ae0eba081-1eaa-3b47-c334-7e9a",16,"wijken","opzij gaan"
"16ae0eba081-1eaa-3b47-c334-7e9a",16,"wijken","plaats maken"
"16ae0eba081-1eaa-3b47-c334-7e9a",16,"wijken","geen aanvaring"
"16ae0eba081-1eaa-3b47-c334-7e9a",19,"knippen","met schaar"
"16ae0eba081-1eaa-3b47-c334-7e9a",19,"knippen","maakt kleiner/korter"
"16ae0eba081-1eaa-3b47-c334-7e9a",19,"knippen","in papier/ haar"
"16ae0eba081-1eaa-3b47-c334-7e9a",19,"knippen","scheiden"
"16ae0eba081-1eaa-3b47-c334-7e9a",19,"knippen","verdelen"
"16ae0eba081-1eaa-3b47-c334-7e9a",19,"knippen","vaak in rechte lijn"
"16ae0eba081-1eaa-3b47-c334-7e9a",19,"knippen","kapot maken"
"16ae0eba081-1eaa-3b47-c334-7e9a",19,"knippen","geen geheel meer"
"16ae0eba081-1eaa-3b47-c334-7e9a",19,"knippen","in stukken"
"16ae0eba081-1eaa-3b47-c334-7e9a",19,"knippen","snel"
"16ae0eba081-1eaa-3b47-c334-7e9a",18,"hakken","boomstammen"
"16ae0eba081-1eaa-3b47-c334-7e9a",18,"hakken","hout"
"16ae0eba081-1eaa-3b47-c334-7e9a",18,"hakken","met bijl"
"16ae0eba081-1eaa-3b47-c334-7e9a",18,"hakken","gevaarlijk"
"16ae0eba081-1eaa-3b47-c334-7e9a",18,"hakken","op boomstam"
"16ae0eba081-1eaa-3b47-c334-7e9a",18,"hakken","volle kracht"
"16ae0eba081-1eaa-3b47-c334-7e9a",18,"hakken","delen"
"16ae0eba081-1eaa-3b47-c334-7e9a",18,"hakken","kleinere stukken"
"16ae0eba081-1eaa-3b47-c334-7e9a",18,"hakken","door mens"
"16ae0eba081-1eaa-3b47-c334-7e9a",18,"hakken","activiteit"
"16ae0eba081-1eaa-3b47-c334-7e9a",2,"banjeren","lopen"
"16ae0eba081-1eaa-3b47-c334-7e9a",2,"banjeren","onrustig"
"16ae0eba081-1eaa-3b47-c334-7e9a",2,"banjeren","ijsberen"
"16ae0eba081-1eaa-3b47-c334-7e9a",2,"banjeren","heen en weer lopen"
"16ae0eba081-1eaa-3b47-c334-7e9a",2,"banjeren","zenuwachtig"
"16ae0eba081-1eaa-3b47-c334-7e9a",2,"banjeren","spanning"
"16ae0eba081-1eaa-3b47-c334-7e9a",2,"banjeren","gespannen"
"16ae0eba081-1eaa-3b47-c334-7e9a",2,"banjeren","onprettig"
"16ae0eba081-1eaa-3b47-c334-7e9a",2,"banjeren","onbehouden"
"16ae0eba081-1eaa-3b47-c334-7e9a",2,"banjeren","onrust"
"16ae0eba081-1eaa-3b47-c334-7e9a",15,"walsen","dansen"
"16ae0eba081-1eaa-3b47-c334-7e9a",15,"walsen","bewegen"
"16ae0eba081-1eaa-3b47-c334-7e9a",15,"walsen","in duo"
"16ae0eba081-1eaa-3b47-c334-7e9a",15,"walsen","plat maken"
"16ae0eba081-1eaa-3b47-c334-7e9a",15,"walsen","techniek"
"16ae0eba081-1eaa-3b47-c334-7e9a",15,"walsen","metaal"
"16ae0eba081-1eaa-3b47-c334-7e9a",15,"walsen","sterk"
"16ae0eba081-1eaa-3b47-c334-7e9a",15,"walsen","warm of koud"
"16ae0eba081-1eaa-3b47-c334-7e9a",15,"walsen","kracht"
"16ae0eba081-1eaa-3b47-c334-7e9a",15,"walsen","cilinder"
"16ae0eba081-1eaa-3b47-c334-7e9a",6,"hardlopen","rennen"
"16ae0eba081-1eaa-3b47-c334-7e9a",6,"hardlopen","sneller dan joggen"
"16ae0eba081-1eaa-3b47-c334-7e9a",6,"hardlopen","snel"
"16ae0eba081-1eaa-3b47-c334-7e9a",6,"hardlopen","volop"
"16ae0eba081-1eaa-3b47-c334-7e9a",6,"hardlopen","afstand"
"16ae0eba081-1eaa-3b47-c334-7e9a",6,"hardlopen","sporten"
"16ae0eba081-1eaa-3b47-c334-7e9a",6,"hardlopen","zweet"
"16ae0eba081-1eaa-3b47-c334-7e9a",6,"hardlopen","hartkloppingen"
"16ae0eba081-1eaa-3b47-c334-7e9a",6,"hardlopen","intensief"
"16ae0eba081-1eaa-3b47-c334-7e9a",6,"hardlopen","cardio"
"16ae0eba081-1eaa-3b47-c334-7e9a",11,"schuifelen","dansen"
"16ae0eba081-1eaa-3b47-c334-7e9a",11,"schuifelen","intiem"
"16ae0eba081-1eaa-3b47-c334-7e9a",11,"schuifelen","sloffen"
"16ae0eba081-1eaa-3b47-c334-7e9a",11,"schuifelen","lui"
"16ae0eba081-1eaa-3b47-c334-7e9a",11,"schuifelen","voeten niet optillen"
"16ae0eba081-1eaa-3b47-c334-7e9a",11,"schuifelen","slenteren"
"16ae0eba081-1eaa-3b47-c334-7e9a",11,"schuifelen","traag"
"16ae0eba081-1eaa-3b47-c334-7e9a",11,"schuifelen","geen haast"
"16ae0eba081-1eaa-3b47-c334-7e9a",11,"schuifelen","niet actief"
"16ae0eba081-1eaa-3b47-c334-7e9a",11,"schuifelen","rustig"
"16ae0eba081-1eaa-3b47-c334-7e9a",1,"afdalen","naar beneden"
"16ae0eba081-1eaa-3b47-c334-7e9a",1,"afdalen","langzaam"
"16ae0eba081-1eaa-3b47-c334-7e9a",1,"afdalen","beheersd"
"16ae0eba081-1eaa-3b47-c334-7e9a",1,"afdalen","rustig"
"16ae0eba081-1eaa-3b47-c334-7e9a",1,"afdalen","geconcentreerd"
"16ae0eba081-1eaa-3b47-c334-7e9a",1,"afdalen","naar grond"
"16ae0eba081-1eaa-3b47-c334-7e9a",1,"afdalen","zwaartekracht"
"16ae0eba081-1eaa-3b47-c334-7e9a",1,"afdalen","soms met touw"
"16ae0eba081-1eaa-3b47-c334-7e9a",1,"afdalen","verticaal"
"16ae0eba081-1eaa-3b47-c334-7e9a",1,"afdalen","voorzichtig"
"16ae0eba081-1eaa-3b47-c334-7e9a",13,"sluipen","stil"
"16ae0eba081-1eaa-3b47-c334-7e9a",13,"sluipen","beheersd"
"16ae0eba081-1eaa-3b47-c334-7e9a",13,"sluipen","voorzichtig"
"16ae0eba081-1eaa-3b47-c334-7e9a",13,"sluipen","rustig"
"16ae0eba081-1eaa-3b47-c334-7e9a",13,"sluipen","geen lawaai"
"16ae0eba081-1eaa-3b47-c334-7e9a",13,"sluipen","traag"
"16ae0eba081-1eaa-3b47-c334-7e9a",13,"sluipen","onopgemerkt"
"16ae0eba081-1eaa-3b47-c334-7e9a",13,"sluipen","glijden"
"16ae0eba081-1eaa-3b47-c334-7e9a",13,"sluipen","geen geluid"
"16ae0eba081-1eaa-3b47-c334-7e9a",13,"sluipen","in stilte"
"16ae0eba081-1eaa-3b47-c334-7e9a",20,"kloppen","vaak op deur"
"16ae0eba081-1eaa-3b47-c334-7e9a",20,"kloppen","met knokkels"
"16ae0eba081-1eaa-3b47-c334-7e9a",20,"kloppen","aanwezigheid tonen"
"16ae0eba081-1eaa-3b47-c334-7e9a",20,"kloppen","deur huis"
"16ae0eba081-1eaa-3b47-c334-7e9a",20,"kloppen","geen bel"
"16ae0eba081-1eaa-3b47-c334-7e9a",20,"kloppen","bakken"
"16ae0eba081-1eaa-3b47-c334-7e9a",20,"kloppen","ingredienten mixen"
"16ae0eba081-1eaa-3b47-c334-7e9a",20,"kloppen","garde"
"16ae0eba081-1eaa-3b47-c334-7e9a",20,"kloppen","geheel vormen"
"16ae0eba081-1eaa-3b47-c334-7e9a",20,"kloppen","mengen"
"16ae0eba081-1eaa-3b47-c334-7e9a",17,"snijden","met mes"
"16ae0eba081-1eaa-3b47-c334-7e9a",17,"snijden","door mens"
"16ae0eba081-1eaa-3b47-c334-7e9a",17,"snijden","eten"
"16ae0eba081-1eaa-3b47-c334-7e9a",17,"snijden","op plank"
"16ae0eba081-1eaa-3b47-c334-7e9a",17,"snijden","koken"
"16ae0eba081-1eaa-3b47-c334-7e9a",17,"snijden","voorbereiden"
"16ae0eba081-1eaa-3b47-c334-7e9a",17,"snijden","delen"
"16ae0eba081-1eaa-3b47-c334-7e9a",17,"snijden","geen geheel"
"16ae0eba081-1eaa-3b47-c334-7e9a",17,"snijden","gevaarlijk"
"16ae0eba081-1eaa-3b47-c334-7e9a",17,"snijden","kleinere stukjes"
"16ae0eba081-1eaa-3b47-c334-7e9a",7,"klimmen","omhoog"
"16ae0eba081-1eaa-3b47-c334-7e9a",7,"klimmen","door mens/dier"
"16ae0eba081-1eaa-3b47-c334-7e9a",7,"klimmen","kan in boom"
"16ae0eba081-1eaa-3b47-c334-7e9a",7,"klimmen","armen en benen"
"16ae0eba081-1eaa-3b47-c334-7e9a",7,"klimmen","inspanning"
"16ae0eba081-1eaa-3b47-c334-7e9a",7,"klimmen","hoger geraken"
"16ae0eba081-1eaa-3b47-c334-7e9a",7,"klimmen","zwaar"
"16ae0eba081-1eaa-3b47-c334-7e9a",7,"klimmen","activiteit"
"16ae0eba081-1eaa-3b47-c334-7e9a",7,"klimmen","gevaarlijk"
"16ae0eba081-1eaa-3b47-c334-7e9a",7,"klimmen","leuk"
"16ae0eba081-1eaa-3b47-c334-7e9a",3,"dolen","dwalen"
"16ae0eba081-1eaa-3b47-c334-7e9a",3,"dolen","rondzwerven"
"16ae0eba081-1eaa-3b47-c334-7e9a",3,"dolen","geen eindbestemming"
"16ae0eba081-1eaa-3b47-c334-7e9a",3,"dolen","geen doel"
"16ae0eba081-1eaa-3b47-c334-7e9a",3,"dolen","geen orientatie"
"16ae0eba081-1eaa-3b47-c334-7e9a",3,"dolen","rondlopen"
"16ae0eba081-1eaa-3b47-c334-7e9a",3,"dolen","geen kennis"
"16ae0eba081-1eaa-3b47-c334-7e9a",3,"dolen","op zoek"
"16ae0eba081-1eaa-3b47-c334-7e9a",3,"dolen","random"
"16ae0eba081-1eaa-3b47-c334-7e9a",3,"dolen","geen tijd"
"16ae0eba081-1eaa-3b47-c334-7e9a",4,"glippen","glad"
"16ae0eba081-1eaa-3b47-c334-7e9a",4,"glippen","water"
"16ae0eba081-1eaa-3b47-c334-7e9a",4,"glippen","glijden"
"16ae0eba081-1eaa-3b47-c334-7e9a",4,"glippen","ijs"
"16ae0eba081-1eaa-3b47-c334-7e9a",4,"glippen","uitglijden"
"16ae0eba081-1eaa-3b47-c334-7e9a",4,"glippen","gevaarlijk"
"16ae0eba081-1eaa-3b47-c334-7e9a",4,"glippen","snel"
"16ae0eba081-1eaa-3b47-c334-7e9a",4,"glippen","geen houvast"
"16ae0eba081-1eaa-3b47-c334-7e9a",4,"glippen","vallen"
"16ae0eba081-1eaa-3b47-c334-7e9a",4,"glippen","gevolg kan pijn doen"
"16ae0eba081-1eaa-3b47-c334-7e9a",12,"slingeren","liaan"
"16ae0eba081-1eaa-3b47-c334-7e9a",12,"slingeren","touw"
"16ae0eba081-1eaa-3b47-c334-7e9a",12,"slingeren","aap"
"16ae0eba081-1eaa-3b47-c334-7e9a",12,"slingeren","mens"
"16ae0eba081-1eaa-3b47-c334-7e9a",12,"slingeren","heen en weer"
"16ae0eba081-1eaa-3b47-c334-7e9a",12,"slingeren","horizontaal"
"16ae0eba081-1eaa-3b47-c334-7e9a",12,"slingeren","stopt na een moment"
"16ae0eba081-1eaa-3b47-c334-7e9a",12,"slingeren","heeft aanzet nodig"
"16ae0eba081-1eaa-3b47-c334-7e9a",12,"slingeren","op en neer"
"16ae0eba081-1eaa-3b47-c334-7e9a",12,"slingeren","leuk"
"16ae0eba081-1eaa-3b47-c334-7e9a",14,"spoeden","snel zijn"
"16ae0eba081-1eaa-3b47-c334-7e9a",14,"spoeden","haasten"
"16ae0eba081-1eaa-3b47-c334-7e9a",14,"spoeden","tijd te kort"
"16ae0eba081-1eaa-3b47-c334-7e9a",14,"spoeden","vlug"
"16ae0eba081-1eaa-3b47-c334-7e9a",14,"spoeden","rennen"
"16ae0eba081-1eaa-3b47-c334-7e9a",14,"spoeden","heet"
"16ae0eba081-1eaa-3b47-c334-7e9a",14,"spoeden","onrustig"
"16ae0eba081-1eaa-3b47-c334-7e9a",14,"spoeden","dingen vergeten"
"16ae0eba081-1eaa-3b47-c334-7e9a",14,"spoeden","tijdstip halen"
"16ae0eba081-1eaa-3b47-c334-7e9a",14,"spoeden","sneller dan normaal"
"16ae0eba081-1eaa-3b47-c334-7e9a",21,"slaaten","dit woord ken ik niet"
"16ae0eba081-1eaa-3b47-c334-7e9a",21,"slaaten","ken ik niet"
"16ae0eba081-1eaa-3b47-c334-7e9a",21,"slaaten","ken ik niet"
"16ae0eba081-1eaa-3b47-c334-7e9a",21,"slaaten","ken ik niet"
"16ae0eba081-1eaa-3b47-c334-7e9a",21,"slaaten","ken ik niet"
"16ae0eba081-1eaa-3b47-c334-7e9a",5,"haasten","snel zijn"
"16ae0eba081-1eaa-3b47-c334-7e9a",5,"haasten","spoeien"
"16ae0eba081-1eaa-3b47-c334-7e9a",5,"haasten","onrust"
"16ae0eba081-1eaa-3b47-c334-7e9a",5,"haasten","sneller dan normaal"
"16ae0eba081-1eaa-3b47-c334-7e9a",5,"haasten","tijd te kort"
"16ae0eba081-1eaa-3b47-c334-7e9a",9,"lopen","sneller dan wandelen"
"16ae0eba081-1eaa-3b47-c334-7e9a",9,"lopen","trager dan sprinten"
"16ae0eba081-1eaa-3b47-c334-7e9a",9,"lopen","sneller dan joggen"
"16ae0eba081-1eaa-3b47-c334-7e9a",9,"lopen","haast"
"16ae0eba081-1eaa-3b47-c334-7e9a",9,"lopen","sporten"
"16ae0eba081-1eaa-3b47-c334-7e9a",8,"kuieren","traag"
"16ae0eba081-1eaa-3b47-c334-7e9a",8,"kuieren","rustig"
"16ae0eba081-1eaa-3b47-c334-7e9a",8,"kuieren","geen haast"
"16ae0eba081-1eaa-3b47-c334-7e9a",8,"kuieren","met plezier"
"16ae0eba081-1eaa-3b47-c334-7e9a",8,"kuieren","genieten"
"16ae0eba081-1eaa-3b47-c334-7e9a",8,"kuieren","traag wandelen"
"16ae0eba081-1eaa-3b47-c334-7e9a",10,"marcheren","synchroon"
"16ae0eba081-1eaa-3b47-c334-7e9a",10,"marcheren","harde stappen"
"16ae0eba081-1eaa-3b47-c334-7e9a",10,"marcheren","tegelijk"
"16ae0eba081-1eaa-3b47-c334-7e9a",10,"marcheren","volle kracht"
"16ae0eba081-1eaa-3b47-c334-7e9a",10,"marcheren","moed"
"16ae0eba081-1eaa-3b47-c334-7e9a",10,"marcheren","leger"
"16aea1860a1-ad44-ff8c-e18a-f9eb",13,"sluipen","actie"
"16aea1860a1-ad44-ff8c-e18a-f9eb",13,"sluipen","voorzichtig"
"16aea1860a1-ad44-ff8c-e18a-f9eb",13,"sluipen","stil"
"16aea1860a1-ad44-ff8c-e18a-f9eb",13,"sluipen","lopen"
"16aea1860a1-ad44-ff8c-e18a-f9eb",13,"sluipen","ongezien"
"16aea1860a1-ad44-ff8c-e18a-f9eb",6,"hardlopen","rennen"
"16aea1860a1-ad44-ff8c-e18a-f9eb",6,"hardlopen","actie"
"16aea1860a1-ad44-ff8c-e18a-f9eb",6,"hardlopen","voortbewegen"
"16aea1860a1-ad44-ff8c-e18a-f9eb",6,"hardlopen","snel"
"16aea1860a1-ad44-ff8c-e18a-f9eb",6,"hardlopen","intensief"
"16aea1860a1-ad44-ff8c-e18a-f9eb",10,"marcheren","lopen"
"16aea1860a1-ad44-ff8c-e18a-f9eb",10,"marcheren","actie"
"16aea1860a1-ad44-ff8c-e18a-f9eb",10,"marcheren","op de maat"
"16aea1860a1-ad44-ff8c-e18a-f9eb",10,"marcheren","langzaam"
"16aea1860a1-ad44-ff8c-e18a-f9eb",10,"marcheren","groep"
"16aea1860a1-ad44-ff8c-e18a-f9eb",7,"klimmen","actie"
"16aea1860a1-ad44-ff8c-e18a-f9eb",7,"klimmen","stijgen"
"16aea1860a1-ad44-ff8c-e18a-f9eb",7,"klimmen","klauteren"
"16aea1860a1-ad44-ff8c-e18a-f9eb",7,"klimmen","vastpakken"
"16aea1860a1-ad44-ff8c-e18a-f9eb",7,"klimmen","steile muur"
"16aea1860a1-ad44-ff8c-e18a-f9eb",7,"klimmen","inspannend"
"16aea1860a1-ad44-ff8c-e18a-f9eb",20,"kloppen","vuist"
"16aea1860a1-ad44-ff8c-e18a-f9eb",20,"kloppen","trommelen"
"16aea1860a1-ad44-ff8c-e18a-f9eb",20,"kloppen","oppervlakte"
"16aea1860a1-ad44-ff8c-e18a-f9eb",20,"kloppen","geluid"
"16aea1860a1-ad44-ff8c-e18a-f9eb",20,"kloppen","aankomst"
"16aea1860a1-ad44-ff8c-e18a-f9eb",8,"kuieren","langzaam"
"16aea1860a1-ad44-ff8c-e18a-f9eb",8,"kuieren","lopen"
"16aea1860a1-ad44-ff8c-e18a-f9eb",8,"kuieren","rondkijken"
"16aea1860a1-ad44-ff8c-e18a-f9eb",8,"kuieren","doelloos"
"16aea1860a1-ad44-ff8c-e18a-f9eb",8,"kuieren","kleine stappen"
"16aea1860a1-ad44-ff8c-e18a-f9eb",19,"knippen","schaar"
"16aea1860a1-ad44-ff8c-e18a-f9eb",19,"knippen","beweging"
"16aea1860a1-ad44-ff8c-e18a-f9eb",19,"knippen","knutselen"
"16aea1860a1-ad44-ff8c-e18a-f9eb",19,"knippen","iets open maken"
"16aea1860a1-ad44-ff8c-e18a-f9eb",19,"knippen","verdelen"
"16aea1860a1-ad44-ff8c-e18a-f9eb",19,"knippen","papier"
"16aea1860a1-ad44-ff8c-e18a-f9eb",4,"glippen","glijden"
"16aea1860a1-ad44-ff8c-e18a-f9eb",4,"glippen","schieten"
"16aea1860a1-ad44-ff8c-e18a-f9eb",4,"glippen","snel"
"16aea1860a1-ad44-ff8c-e18a-f9eb",4,"glippen","vallen"
"16aea1860a1-ad44-ff8c-e18a-f9eb",4,"glippen","ongezien"
"16aea1860a1-ad44-ff8c-e18a-f9eb",16,"wijken","uit de weg gaan"
"16aea1860a1-ad44-ff8c-e18a-f9eb",16,"wijken","opzij"
"16aea1860a1-ad44-ff8c-e18a-f9eb",16,"wijken","aan de kant"
"16aea1860a1-ad44-ff8c-e18a-f9eb",16,"wijken","beweging"
"16aea1860a1-ad44-ff8c-e18a-f9eb",16,"wijken","lichamelijk"
"16aea1860a1-ad44-ff8c-e18a-f9eb",16,"wijken","voorwerp"
"16aea1860a1-ad44-ff8c-e18a-f9eb",11,"schuifelen","dansen"
"16aea1860a1-ad44-ff8c-e18a-f9eb",11,"schuifelen","stapjes"
"16aea1860a1-ad44-ff8c-e18a-f9eb",11,"schuifelen","langzaam"
"16aea1860a1-ad44-ff8c-e18a-f9eb",11,"schuifelen","lopend"
"16aea1860a1-ad44-ff8c-e18a-f9eb",11,"schuifelen","zachtjes"
"16aea1860a1-ad44-ff8c-e18a-f9eb",12,"slingeren","gooien"
"16aea1860a1-ad44-ff8c-e18a-f9eb",12,"slingeren","touw"
"16aea1860a1-ad44-ff8c-e18a-f9eb",12,"slingeren","ergens aan hangen"
"16aea1860a1-ad44-ff8c-e18a-f9eb",12,"slingeren","beweging"
"16aea1860a1-ad44-ff8c-e18a-f9eb",12,"slingeren","duwen"
"16aea1860a1-ad44-ff8c-e18a-f9eb",5,"haasten","spoed"
"16aea1860a1-ad44-ff8c-e18a-f9eb",5,"haasten","snel"
"16aea1860a1-ad44-ff8c-e18a-f9eb",5,"haasten","tijdsnood"
"16aea1860a1-ad44-ff8c-e18a-f9eb",5,"haasten","voortmaken"
"16aea1860a1-ad44-ff8c-e18a-f9eb",5,"haasten","doorgaan"
"16aea1860a1-ad44-ff8c-e18a-f9eb",21,"slaaten","geluid"
"16aea1860a1-ad44-ff8c-e18a-f9eb",21,"slaaten","gilletje"
"16aea1860a1-ad44-ff8c-e18a-f9eb",21,"slaaten","blijdschap"
"16aea1860a1-ad44-ff8c-e18a-f9eb",21,"slaaten","verwondering"
"16aea1860a1-ad44-ff8c-e18a-f9eb",21,"slaaten","hardop"
"16aea1860a1-ad44-ff8c-e18a-f9eb",9,"lopen","beweging"
"16aea1860a1-ad44-ff8c-e18a-f9eb",9,"lopen","voortbewegen"
"16aea1860a1-ad44-ff8c-e18a-f9eb",9,"lopen","benen"
"16aea1860a1-ad44-ff8c-e18a-f9eb",9,"lopen","niet rennen"
"16aea1860a1-ad44-ff8c-e18a-f9eb",9,"lopen","wandelen"
"16aea1860a1-ad44-ff8c-e18a-f9eb",1,"afdalen","zakken"
"16aea1860a1-ad44-ff8c-e18a-f9eb",1,"afdalen","lagere hoogte"
"16aea1860a1-ad44-ff8c-e18a-f9eb",1,"afdalen","beweging"
"16aea1860a1-ad44-ff8c-e18a-f9eb",1,"afdalen","benen"
"16aea1860a1-ad44-ff8c-e18a-f9eb",1,"afdalen","fiets"
"16aea1860a1-ad44-ff8c-e18a-f9eb",17,"snijden","scherp"
"16aea1860a1-ad44-ff8c-e18a-f9eb",17,"snijden","mes"
"16aea1860a1-ad44-ff8c-e18a-f9eb",17,"snijden","hakken"
"16aea1860a1-ad44-ff8c-e18a-f9eb",17,"snijden","kartels"
"16aea1860a1-ad44-ff8c-e18a-f9eb",17,"snijden","iets delen"
"16aea1860a1-ad44-ff8c-e18a-f9eb",15,"walsen","machine"
"16aea1860a1-ad44-ff8c-e18a-f9eb",15,"walsen","rond"
"16aea1860a1-ad44-ff8c-e18a-f9eb",15,"walsen","plat maken"
"16aea1860a1-ad44-ff8c-e18a-f9eb",15,"walsen","lopend"
"16aea1860a1-ad44-ff8c-e18a-f9eb",15,"walsen","groep"
"16aea1860a1-ad44-ff8c-e18a-f9eb",18,"hakken","bijl"
"16aea1860a1-ad44-ff8c-e18a-f9eb",18,"hakken","beweging"
"16aea1860a1-ad44-ff8c-e18a-f9eb",18,"hakken","slaan"
"16aea1860a1-ad44-ff8c-e18a-f9eb",18,"hakken","hout"
"16aea1860a1-ad44-ff8c-e18a-f9eb",18,"hakken","doormidden"
"16aea1860a1-ad44-ff8c-e18a-f9eb",2,"banjeren","grote stappen"
"16aea1860a1-ad44-ff8c-e18a-f9eb",2,"banjeren","lopen"
"16aea1860a1-ad44-ff8c-e18a-f9eb",2,"banjeren","beweging"
"16aea1860a1-ad44-ff8c-e18a-f9eb",2,"banjeren","nat terrein"
"16aea1860a1-ad44-ff8c-e18a-f9eb",2,"banjeren","plassen"
"16aea1860a1-ad44-ff8c-e18a-f9eb",2,"banjeren","vies worden"
"16aea1860a1-ad44-ff8c-e18a-f9eb",14,"spoeden","haasten"
"16aea1860a1-ad44-ff8c-e18a-f9eb",14,"spoeden","snel"
"16aea1860a1-ad44-ff8c-e18a-f9eb",14,"spoeden","tijdsnood"
"16aea1860a1-ad44-ff8c-e18a-f9eb",14,"spoeden","actie"
"16aea1860a1-ad44-ff8c-e18a-f9eb",14,"spoeden","opschieten"
"16aea1860a1-ad44-ff8c-e18a-f9eb",3,"dolen","rondzwerven"
"16aea1860a1-ad44-ff8c-e18a-f9eb",3,"dolen","dwalen"
"16aea1860a1-ad44-ff8c-e18a-f9eb",3,"dolen","weg kwijt"
"16aea1860a1-ad44-ff8c-e18a-f9eb",3,"dolen","rondtrekken"
"16aea1860a1-ad44-ff8c-e18a-f9eb",3,"dolen","alle tijd"
"16af99b7863-db21-3fe9-9db5-295f",3,"dolen","verdwaald"
"16af99b7863-db21-3fe9-9db5-295f",3,"dolen","doelloos"
"16af99b7863-db21-3fe9-9db5-295f",3,"dolen","lopen"
"16af99b7863-db21-3fe9-9db5-295f",3,"dolen","door mensen"
"16af99b7863-db21-3fe9-9db5-295f",3,"dolen","de weg zoeken"
"16af99b7863-db21-3fe9-9db5-295f",19,"knippen","met schaar"
"16af99b7863-db21-3fe9-9db5-295f",19,"knippen","papier/karton/haar"
"16af99b7863-db21-3fe9-9db5-295f",19,"knippen","scherp"
"16af99b7863-db21-3fe9-9db5-295f",19,"knippen","handmatig"
"16af99b7863-db21-3fe9-9db5-295f",19,"knippen","vormgevend"
"16af99b7863-db21-3fe9-9db5-295f",6,"hardlopen","snel"
"16af99b7863-db21-3fe9-9db5-295f",6,"hardlopen","menselijk"
"16af99b7863-db21-3fe9-9db5-295f",6,"hardlopen","wedstrijd"
"16af99b7863-db21-3fe9-9db5-295f",6,"hardlopen","te voet"
"16af99b7863-db21-3fe9-9db5-295f",6,"hardlopen","sport"
"16af99b7863-db21-3fe9-9db5-295f",15,"walsen","dans"
"16af99b7863-db21-3fe9-9db5-295f",15,"walsen","tweetal"
"16af99b7863-db21-3fe9-9db5-295f",15,"walsen","muziek"
"16af99b7863-db21-3fe9-9db5-295f",15,"walsen","ritmisch"
"16af99b7863-db21-3fe9-9db5-295f",15,"walsen","bewegen"
"16af99b7863-db21-3fe9-9db5-295f",15,"walsen","asfalt"
"16af99b7863-db21-3fe9-9db5-295f",15,"walsen","stoomwals/machine"
"16af99b7863-db21-3fe9-9db5-295f",2,"banjeren","zonder echt doel"
"16af99b7863-db21-3fe9-9db5-295f",2,"banjeren","lopen"
"16af99b7863-db21-3fe9-9db5-295f",2,"banjeren","hangerig"
"16af99b7863-db21-3fe9-9db5-295f",2,"banjeren","buiten"
"16af99b7863-db21-3fe9-9db5-295f",2,"banjeren","menselijk"
"16af99b7863-db21-3fe9-9db5-295f",2,"banjeren","gezellig"
"16af99b7863-db21-3fe9-9db5-295f",14,"spoeden","haast"
"16af99b7863-db21-3fe9-9db5-295f",14,"spoeden","te voet"
"16af99b7863-db21-3fe9-9db5-295f",14,"spoeden","met een voertuig"
"16af99b7863-db21-3fe9-9db5-295f",14,"spoeden","bestemming"
"16af99b7863-db21-3fe9-9db5-295f",14,"spoeden","onvrijwillig"
"16af99b7863-db21-3fe9-9db5-295f",14,"spoeden","haast"
"16af99b7863-db21-3fe9-9db5-295f",14,"spoeden","te voet"
"16af99b7863-db21-3fe9-9db5-295f",14,"spoeden","met een voertuig"
"16af99b7863-db21-3fe9-9db5-295f",14,"spoeden","actie"
"16af99b7863-db21-3fe9-9db5-295f",14,"spoeden","onvrijwillig"
"16af99b7863-db21-3fe9-9db5-295f",14,"spoeden","bestemming"
"16af99b7863-db21-3fe9-9db5-295f",1,"afdalen","naar beneden"
"16af99b7863-db21-3fe9-9db5-295f",1,"afdalen","actie"
"16af99b7863-db21-3fe9-9db5-295f",1,"afdalen","menselijk en dierlijk"
"16af99b7863-db21-3fe9-9db5-295f",1,"afdalen","te voet of in een voertuig"
"16af99b7863-db21-3fe9-9db5-295f",1,"afdalen","hoogteverschil"
"16af99b7863-db21-3fe9-9db5-295f",9,"lopen","actie"
"16af99b7863-db21-3fe9-9db5-295f",9,"lopen","ontspanning"
"16af99b7863-db21-3fe9-9db5-295f",9,"lopen","beweging"
"16af99b7863-db21-3fe9-9db5-295f",9,"lopen","onderlichaam"
"16af99b7863-db21-3fe9-9db5-295f",9,"lopen","doelbewust"
"16af99b7863-db21-3fe9-9db5-295f",16,"wijken","opzij"
"16af99b7863-db21-3fe9-9db5-295f",16,"wijken","actie"
"16af99b7863-db21-3fe9-9db5-295f",16,"wijken","direct en indirect"
"16af99b7863-db21-3fe9-9db5-295f",16,"wijken","plaatsmaken voor iets/iemand anders"
"16af99b7863-db21-3fe9-9db5-295f",16,"wijken","menselijk en levenloze objecten"
"16af99b7863-db21-3fe9-9db5-295f",21,"slaaten","dit"
"16af99b7863-db21-3fe9-9db5-295f",21,"slaaten","is"
"16af99b7863-db21-3fe9-9db5-295f",21,"slaaten","geen"
"16af99b7863-db21-3fe9-9db5-295f",21,"slaaten","woord"
"16af99b7863-db21-3fe9-9db5-295f",21,"slaaten","volgens"
"16af99b7863-db21-3fe9-9db5-295f",21,"slaaten","mij"
"16af99b7863-db21-3fe9-9db5-295f",13,"sluipen","actie"
"16af99b7863-db21-3fe9-9db5-295f",13,"sluipen","zachtjes"
"16af99b7863-db21-3fe9-9db5-295f",13,"sluipen","doel"
"16af99b7863-db21-3fe9-9db5-295f",13,"sluipen","onzichtbaar"
"16af99b7863-db21-3fe9-9db5-295f",13,"sluipen","menselijk en dierlijk"
"16af99b7863-db21-3fe9-9db5-295f",17,"snijden","scherp"
"16af99b7863-db21-3fe9-9db5-295f",17,"snijden","actie"
"16af99b7863-db21-3fe9-9db5-295f",17,"snijden","in stukken"
"16af99b7863-db21-3fe9-9db5-295f",17,"snijden","mes of tanden"
"16af99b7863-db21-3fe9-9db5-295f",17,"snijden","menselijk"
"16af99b7863-db21-3fe9-9db5-295f",8,"kuieren","vrolijk"
"16af99b7863-db21-3fe9-9db5-295f",8,"kuieren","wandelen"
"16af99b7863-db21-3fe9-9db5-295f",8,"kuieren","doelloos"
"16af99b7863-db21-3fe9-9db5-295f",8,"kuieren","ontspannend"
"16af99b7863-db21-3fe9-9db5-295f",8,"kuieren","actie"
"16af99b7863-db21-3fe9-9db5-295f",8,"kuieren","menselijk"
"16af99b7863-db21-3fe9-9db5-295f",10,"marcheren","leger"
"16af99b7863-db21-3fe9-9db5-295f",10,"marcheren","actie"
"16af99b7863-db21-3fe9-9db5-295f",10,"marcheren","uniform"
"16af99b7863-db21-3fe9-9db5-295f",10,"marcheren","geluid"
"16af99b7863-db21-3fe9-9db5-295f",10,"marcheren","mars"
"16af99b7863-db21-3fe9-9db5-295f",11,"schuifelen","dansen"
"16af99b7863-db21-3fe9-9db5-295f",11,"schuifelen","intiem"
"16af99b7863-db21-3fe9-9db5-295f",11,"schuifelen","menselijk"
"16af99b7863-db21-3fe9-9db5-295f",11,"schuifelen","actie"
"16af99b7863-db21-3fe9-9db5-295f",11,"schuifelen","langzaam"
"16af99b7863-db21-3fe9-9db5-295f",5,"haasten","snel"
"16af99b7863-db21-3fe9-9db5-295f",5,"haasten","doel"
"16af99b7863-db21-3fe9-9db5-295f",5,"haasten","actie"
"16af99b7863-db21-3fe9-9db5-295f",5,"haasten","menselijk"
"16af99b7863-db21-3fe9-9db5-295f",5,"haasten","meer dan gebruikelijk"
"16af99b7863-db21-3fe9-9db5-295f",20,"kloppen","actie"
"16af99b7863-db21-3fe9-9db5-295f",20,"kloppen","geluid"
"16af99b7863-db21-3fe9-9db5-295f",20,"kloppen","muur/deur"
"16af99b7863-db21-3fe9-9db5-295f",20,"kloppen","vuist/snavel/hamer"
"16af99b7863-db21-3fe9-9db5-295f",20,"kloppen","menselijk en dierlijk"
"16af99b7863-db21-3fe9-9db5-295f",18,"hakken","bijl"
"16af99b7863-db21-3fe9-9db5-295f",18,"hakken","actie"
"16af99b7863-db21-3fe9-9db5-295f",18,"hakken","met armen"
"16af99b7863-db21-3fe9-9db5-295f",18,"hakken","boom"
"16af99b7863-db21-3fe9-9db5-295f",18,"hakken","dans"
"16af99b7863-db21-3fe9-9db5-295f",4,"glippen","glad"
"16af99b7863-db21-3fe9-9db5-295f",4,"glippen","ongrijpbaar"
"16af99b7863-db21-3fe9-9db5-295f",4,"glippen","actie"
"16af99b7863-db21-3fe9-9db5-295f",4,"glippen","ontkomen"
"16af99b7863-db21-3fe9-9db5-295f",4,"glippen","bevrijding"
"16af99b7863-db21-3fe9-9db5-295f",4,"glippen","glad"
"16af99b7863-db21-3fe9-9db5-295f",4,"glippen","ongrijpbaar"
"16af99b7863-db21-3fe9-9db5-295f",4,"glippen","ontkomen"
"16af99b7863-db21-3fe9-9db5-295f",4,"glippen","actie"
"16af99b7863-db21-3fe9-9db5-295f",4,"glippen","bevrijding"
"16af99b7863-db21-3fe9-9db5-295f",12,"slingeren","heen en weer"
"16af99b7863-db21-3fe9-9db5-295f",12,"slingeren","hangen"
"16af99b7863-db21-3fe9-9db5-295f",12,"slingeren","actie"
"16af99b7863-db21-3fe9-9db5-295f",12,"slingeren","aan iets"
"16af99b7863-db21-3fe9-9db5-295f",12,"slingeren","door een klok"
"16af99b7863-db21-3fe9-9db5-295f",12,"slingeren","door mensen/apen"
"16af99b7863-db21-3fe9-9db5-295f",7,"klimmen","omhoog"
"16af99b7863-db21-3fe9-9db5-295f",7,"klimmen","tegen een berg"
"16af99b7863-db21-3fe9-9db5-295f",7,"klimmen","met een vliegtuig"
"16af99b7863-db21-3fe9-9db5-295f",7,"klimmen","actie"
"16af99b7863-db21-3fe9-9db5-295f",7,"klimmen","in een boom"
